[
    {"name": "RAW_GFX_mchp_200x200"},
    {"name": "RAW_GFX_mplab_200x200"},
    {"name": "RAW_GFX_mchp_100x100"},
    {"name": "RAW_GFX_mchp_40x40"},
    {"name": "RAW_GFX_mplab_100x100"},
    {"name": "RAW_GFX_mplab_40x40"},
    {"name": "RAWRLE_GFX_mchp_100x100"},
    {"name": "RAWRLE_GFX_mchp_200x200"},
    {"name": "RAWRLE_GFX_mchp_40x40"},
    {"name": "RAWRLE_GFX_mplab_100x100"},
    {"name": "RAWRLE_GFX_mplab_200x200"},
    {"name": "RAWRLE_GFX_mplab_40x40"},
    {"name": "Bar"},
    {"name": "HarmonyLogo"},
    {"name": "MicrochipLogo"},
    {"name": "PIC32Logo"}
]