{
    "hidden": false,
    "children": [{
        "hidden": false,
        "children": [
            {
                "hidden": false,
                "locked": false,
                "type": "PanelWidget",
                "properties": {
                    "HAlignment": {
                        "type": "TEXT",
                        "value": "Center"
                    },
                    "Scheme": {
                        "type": "SCHEME",
                        "value": "LightRedBackgroundScheme"
                    },
                    "AlphaAmount": {
                        "type": "INTEGER",
                        "value": 255
                    },
                    "Position": {
                        "X": {
                            "type": "INTEGER",
                            "value": 0
                        },
                        "Y": {
                            "type": "INTEGER",
                            "value": 0
                        }
                    },
                    "Size": {
                        "Height": {
                            "type": "INTEGER",
                            "value": 272
                        },
                        "Width": {
                            "type": "INTEGER",
                            "value": 480
                        }
                    },
                    "MarginRight": {
                        "type": "INTEGER",
                        "value": 4
                    },
                    "Enabled": {
                        "type": "BOOLEAN",
                        "value": true
                    },
                    "MarginTop": {
                        "type": "INTEGER",
                        "value": 4
                    },
                    "Name": {
                        "type": "TEXT",
                        "value": "FPSBackground"
                    },
                    "AlphaEnable": {
                        "type": "BOOLEAN",
                        "value": false
                    },
                    "VAlignment": {
                        "type": "TEXT",
                        "value": "Middle"
                    },
                    "BackgroundType": {
                        "type": "TEXT",
                        "value": "Fill"
                    },
                    "MarginBottom": {
                        "type": "INTEGER",
                        "value": 4
                    },
                    "Visible": {
                        "type": "BOOLEAN",
                        "value": true
                    },
                    "BorderType": {
                        "type": "TEXT",
                        "value": "None"
                    },
                    "MarginLeft": {
                        "type": "INTEGER",
                        "value": 4
                    }
                }
            },
            {
                "hidden": false,
                "locked": false,
                "type": "LabelWidget",
                "properties": {
                    "HAlignment": {
                        "type": "TEXT",
                        "value": "Center"
                    },
                    "Scheme": {
                        "type": "SCHEME",
                        "value": ""
                    },
                    "AlphaAmount": {
                        "type": "INTEGER",
                        "value": 255
                    },
                    "Position": {
                        "X": {
                            "type": "INTEGER",
                            "value": 0
                        },
                        "Y": {
                            "type": "INTEGER",
                            "value": 70
                        }
                    },
                    "Size": {
                        "Height": {
                            "type": "INTEGER",
                            "value": 134
                        },
                        "Width": {
                            "type": "INTEGER",
                            "value": 353
                        }
                    },
                    "MarginRight": {
                        "type": "INTEGER",
                        "value": 4
                    },
                    "Enabled": {
                        "type": "BOOLEAN",
                        "value": true
                    },
                    "MarginTop": {
                        "type": "INTEGER",
                        "value": 4
                    },
                    "Name": {
                        "type": "TEXT",
                        "value": "FPSCounterValue"
                    },
                    "AlphaEnable": {
                        "type": "BOOLEAN",
                        "value": false
                    },
                    "VAlignment": {
                        "type": "TEXT",
                        "value": "Middle"
                    },
                    "BackgroundType": {
                        "type": "TEXT",
                        "value": "None"
                    },
                    "StringID": {
                        "type": "STRING",
                        "value": "NumsLarge"
                    },
                    "MarginBottom": {
                        "type": "INTEGER",
                        "value": 4
                    },
                    "Visible": {
                        "type": "BOOLEAN",
                        "value": true
                    },
                    "BorderType": {
                        "type": "TEXT",
                        "value": "None"
                    },
                    "MarginLeft": {
                        "type": "INTEGER",
                        "value": 4
                    }
                }
            },
            {
                "hidden": false,
                "children": [
                    {
                        "hidden": false,
                        "locked": false,
                        "type": "LabelWidget",
                        "properties": {
                            "HAlignment": {
                                "type": "TEXT",
                                "value": "Left"
                            },
                            "Scheme": {
                                "type": "SCHEME",
                                "value": ""
                            },
                            "AlphaAmount": {
                                "type": "INTEGER",
                                "value": 255
                            },
                            "Position": {
                                "X": {
                                    "type": "INTEGER",
                                    "value": 1
                                },
                                "Y": {
                                    "type": "INTEGER",
                                    "value": 22
                                }
                            },
                            "Size": {
                                "Height": {
                                    "type": "INTEGER",
                                    "value": 25
                                },
                                "Width": {
                                    "type": "INTEGER",
                                    "value": 106
                                }
                            },
                            "MarginRight": {
                                "type": "INTEGER",
                                "value": 4
                            },
                            "Enabled": {
                                "type": "BOOLEAN",
                                "value": true
                            },
                            "MarginTop": {
                                "type": "INTEGER",
                                "value": 4
                            },
                            "Name": {
                                "type": "TEXT",
                                "value": "FPSUpdateLabel"
                            },
                            "AlphaEnable": {
                                "type": "BOOLEAN",
                                "value": false
                            },
                            "VAlignment": {
                                "type": "TEXT",
                                "value": "Middle"
                            },
                            "BackgroundType": {
                                "type": "TEXT",
                                "value": "None"
                            },
                            "StringID": {
                                "type": "STRING",
                                "value": "FPS"
                            },
                            "MarginBottom": {
                                "type": "INTEGER",
                                "value": 4
                            },
                            "Visible": {
                                "type": "BOOLEAN",
                                "value": true
                            },
                            "BorderType": {
                                "type": "TEXT",
                                "value": "None"
                            },
                            "MarginLeft": {
                                "type": "INTEGER",
                                "value": 4
                            }
                        }
                    },
                    {
                        "hidden": false,
                        "locked": false,
                        "type": "LabelWidget",
                        "properties": {
                            "HAlignment": {
                                "type": "TEXT",
                                "value": "Left"
                            },
                            "Scheme": {
                                "type": "SCHEME",
                                "value": ""
                            },
                            "AlphaAmount": {
                                "type": "INTEGER",
                                "value": 255
                            },
                            "Position": {
                                "X": {
                                    "type": "INTEGER",
                                    "value": 1
                                },
                                "Y": {
                                    "type": "INTEGER",
                                    "value": 72
                                }
                            },
                            "Size": {
                                "Height": {
                                    "type": "INTEGER",
                                    "value": 23
                                },
                                "Width": {
                                    "type": "INTEGER",
                                    "value": 109
                                }
                            },
                            "MarginRight": {
                                "type": "INTEGER",
                                "value": 4
                            },
                            "Enabled": {
                                "type": "BOOLEAN",
                                "value": true
                            },
                            "MarginTop": {
                                "type": "INTEGER",
                                "value": 4
                            },
                            "Name": {
                                "type": "TEXT",
                                "value": "FPSRefreshLabel"
                            },
                            "AlphaEnable": {
                                "type": "BOOLEAN",
                                "value": false
                            },
                            "VAlignment": {
                                "type": "TEXT",
                                "value": "Middle"
                            },
                            "BackgroundType": {
                                "type": "TEXT",
                                "value": "None"
                            },
                            "StringID": {
                                "type": "STRING",
                                "value": "RefreshRate"
                            },
                            "MarginBottom": {
                                "type": "INTEGER",
                                "value": 4
                            },
                            "Visible": {
                                "type": "BOOLEAN",
                                "value": true
                            },
                            "BorderType": {
                                "type": "TEXT",
                                "value": "None"
                            },
                            "MarginLeft": {
                                "type": "INTEGER",
                                "value": 4
                            }
                        }
                    },
                    {
                        "hidden": false,
                        "locked": false,
                        "type": "LabelWidget",
                        "properties": {
                            "HAlignment": {
                                "type": "TEXT",
                                "value": "Center"
                            },
                            "Scheme": {
                                "type": "SCHEME",
                                "value": ""
                            },
                            "AlphaAmount": {
                                "type": "INTEGER",
                                "value": 255
                            },
                            "Position": {
                                "X": {
                                    "type": "INTEGER",
                                    "value": 4
                                },
                                "Y": {
                                    "type": "INTEGER",
                                    "value": 94
                                }
                            },
                            "Size": {
                                "Height": {
                                    "type": "INTEGER",
                                    "value": 28
                                },
                                "Width": {
                                    "type": "INTEGER",
                                    "value": 101
                                }
                            },
                            "MarginRight": {
                                "type": "INTEGER",
                                "value": 4
                            },
                            "Enabled": {
                                "type": "BOOLEAN",
                                "value": true
                            },
                            "MarginTop": {
                                "type": "INTEGER",
                                "value": 4
                            },
                            "Name": {
                                "type": "TEXT",
                                "value": "FPSRefreshValue"
                            },
                            "AlphaEnable": {
                                "type": "BOOLEAN",
                                "value": false
                            },
                            "VAlignment": {
                                "type": "TEXT",
                                "value": "Middle"
                            },
                            "BackgroundType": {
                                "type": "TEXT",
                                "value": "None"
                            },
                            "StringID": {
                                "type": "STRING",
                                "value": "NumsLittle"
                            },
                            "MarginBottom": {
                                "type": "INTEGER",
                                "value": 4
                            },
                            "Visible": {
                                "type": "BOOLEAN",
                                "value": true
                            },
                            "BorderType": {
                                "type": "TEXT",
                                "value": "None"
                            },
                            "MarginLeft": {
                                "type": "INTEGER",
                                "value": 4
                            }
                        }
                    },
                    {
                        "hidden": false,
                        "locked": false,
                        "type": "ButtonWidget",
                        "properties": {
                            "HAlignment": {
                                "type": "TEXT",
                                "value": "Center"
                            },
                            "Pressed": {
                                "type": "BOOLEAN",
                                "value": false
                            },
                            "Scheme": {
                                "type": "SCHEME",
                                "value": ""
                            },
                            "ImageMargin": {
                                "type": "INTEGER",
                                "value": 10
                            },
                            "Size": {
                                "Height": {
                                    "type": "INTEGER",
                                    "value": 30
                                },
                                "Width": {
                                    "type": "INTEGER",
                                    "value": 55
                                }
                            },
                            "Toggleable": {
                                "type": "BOOLEAN",
                                "value": false
                            },
                            "MarginTop": {
                                "type": "INTEGER",
                                "value": 4
                            },
                            "Name": {
                                "type": "TEXT",
                                "value": "FPSCounterSizeDown"
                            },
                            "AlphaEnable": {
                                "type": "BOOLEAN",
                                "value": false
                            },
                            "PressedEvent": {
                                "type": "BOOLEAN",
                                "value": true
                            },
                            "VAlignment": {
                                "type": "TEXT",
                                "value": "Middle"
                            },
                            "PressedImage": {
                                "type": "IMAGE",
                                "value": ""
                            },
                            "PressedOffset": {
                                "type": "INTEGER",
                                "value": 1
                            },
                            "StringID": {
                                "type": "STRING",
                                "value": "Minus"
                            },
                            "MarginBottom": {
                                "type": "INTEGER",
                                "value": 4
                            },
                            "Visible": {
                                "type": "BOOLEAN",
                                "value": true
                            },
                            "AlphaAmount": {
                                "type": "INTEGER",
                                "value": 255
                            },
                            "Position": {
                                "X": {
                                    "type": "INTEGER",
                                    "value": 1
                                },
                                "Y": {
                                    "type": "INTEGER",
                                    "value": 148
                                }
                            },
                            "ImagePosition": {
                                "type": "TEXT",
                                "value": "LeftOf"
                            },
                            "MarginRight": {
                                "type": "INTEGER",
                                "value": 4
                            },
                            "Enabled": {
                                "type": "BOOLEAN",
                                "value": true
                            },
                            "ReleasedEvent": {
                                "type": "BOOLEAN",
                                "value": false
                            },
                            "BackgroundType": {
                                "type": "TEXT",
                                "value": "None"
                            },
                            "ReleasedImage": {
                                "type": "IMAGE",
                                "value": ""
                            },
                            "BorderType": {
                                "type": "TEXT",
                                "value": "Bevel"
                            },
                            "MarginLeft": {
                                "type": "INTEGER",
                                "value": 4
                            }
                        },
                        "events": {
                            "ReleasedEvent": {
                                "mode": "DECLARE",
                                "pretty_name": "Released",
                                "name": "ReleasedEvent",
                                "enabled": "false"
                            },
                            "PressedEvent": {
                                "mode": "DECLARE",
                                "pretty_name": "Pressed",
                                "name": "PressedEvent",
                                "enabled": "true"
                            }
                        }
                    },
                    {
                        "hidden": false,
                        "locked": false,
                        "type": "ButtonWidget",
                        "properties": {
                            "HAlignment": {
                                "type": "TEXT",
                                "value": "Center"
                            },
                            "Pressed": {
                                "type": "BOOLEAN",
                                "value": false
                            },
                            "Scheme": {
                                "type": "SCHEME",
                                "value": ""
                            },
                            "ImageMargin": {
                                "type": "INTEGER",
                                "value": 10
                            },
                            "Size": {
                                "Height": {
                                    "type": "INTEGER",
                                    "value": 30
                                },
                                "Width": {
                                    "type": "INTEGER",
                                    "value": 55
                                }
                            },
                            "Toggleable": {
                                "type": "BOOLEAN",
                                "value": false
                            },
                            "MarginTop": {
                                "type": "INTEGER",
                                "value": 4
                            },
                            "Name": {
                                "type": "TEXT",
                                "value": "FPSCounterSizeUp"
                            },
                            "AlphaEnable": {
                                "type": "BOOLEAN",
                                "value": false
                            },
                            "PressedEvent": {
                                "type": "BOOLEAN",
                                "value": true
                            },
                            "VAlignment": {
                                "type": "TEXT",
                                "value": "Middle"
                            },
                            "PressedImage": {
                                "type": "IMAGE",
                                "value": ""
                            },
                            "PressedOffset": {
                                "type": "INTEGER",
                                "value": 1
                            },
                            "StringID": {
                                "type": "STRING",
                                "value": "Plus"
                            },
                            "MarginBottom": {
                                "type": "INTEGER",
                                "value": 4
                            },
                            "Visible": {
                                "type": "BOOLEAN",
                                "value": true
                            },
                            "AlphaAmount": {
                                "type": "INTEGER",
                                "value": 255
                            },
                            "Position": {
                                "X": {
                                    "type": "INTEGER",
                                    "value": 57
                                },
                                "Y": {
                                    "type": "INTEGER",
                                    "value": 148
                                }
                            },
                            "ImagePosition": {
                                "type": "TEXT",
                                "value": "LeftOf"
                            },
                            "MarginRight": {
                                "type": "INTEGER",
                                "value": 4
                            },
                            "Enabled": {
                                "type": "BOOLEAN",
                                "value": true
                            },
                            "ReleasedEvent": {
                                "type": "BOOLEAN",
                                "value": false
                            },
                            "BackgroundType": {
                                "type": "TEXT",
                                "value": "None"
                            },
                            "ReleasedImage": {
                                "type": "IMAGE",
                                "value": ""
                            },
                            "BorderType": {
                                "type": "TEXT",
                                "value": "Bevel"
                            },
                            "MarginLeft": {
                                "type": "INTEGER",
                                "value": 4
                            }
                        },
                        "events": {
                            "ReleasedEvent": {
                                "mode": "DECLARE",
                                "pretty_name": "Released",
                                "name": "ReleasedEvent",
                                "enabled": "false"
                            },
                            "PressedEvent": {
                                "mode": "DECLARE",
                                "pretty_name": "Pressed",
                                "name": "PressedEvent",
                                "enabled": "true"
                            }
                        }
                    },
                    {
                        "hidden": false,
                        "locked": false,
                        "type": "LabelWidget",
                        "properties": {
                            "HAlignment": {
                                "type": "TEXT",
                                "value": "Center"
                            },
                            "Scheme": {
                                "type": "SCHEME",
                                "value": ""
                            },
                            "AlphaAmount": {
                                "type": "INTEGER",
                                "value": 255
                            },
                            "Position": {
                                "X": {
                                    "type": "INTEGER",
                                    "value": 2
                                },
                                "Y": {
                                    "type": "INTEGER",
                                    "value": 2
                                }
                            },
                            "Size": {
                                "Height": {
                                    "type": "INTEGER",
                                    "value": 25
                                },
                                "Width": {
                                    "type": "INTEGER",
                                    "value": 109
                                }
                            },
                            "MarginRight": {
                                "type": "INTEGER",
                                "value": 4
                            },
                            "Enabled": {
                                "type": "BOOLEAN",
                                "value": true
                            },
                            "MarginTop": {
                                "type": "INTEGER",
                                "value": 4
                            },
                            "Name": {
                                "type": "TEXT",
                                "value": "FPSContainerTitle"
                            },
                            "AlphaEnable": {
                                "type": "BOOLEAN",
                                "value": false
                            },
                            "VAlignment": {
                                "type": "TEXT",
                                "value": "Middle"
                            },
                            "BackgroundType": {
                                "type": "TEXT",
                                "value": "None"
                            },
                            "StringID": {
                                "type": "STRING",
                                "value": "DynamicString"
                            },
                            "MarginBottom": {
                                "type": "INTEGER",
                                "value": 4
                            },
                            "Visible": {
                                "type": "BOOLEAN",
                                "value": true
                            },
                            "BorderType": {
                                "type": "TEXT",
                                "value": "None"
                            },
                            "MarginLeft": {
                                "type": "INTEGER",
                                "value": 4
                            }
                        }
                    },
                    {
                        "hidden": false,
                        "locked": false,
                        "type": "ButtonWidget",
                        "properties": {
                            "HAlignment": {
                                "type": "TEXT",
                                "value": "Center"
                            },
                            "Pressed": {
                                "type": "BOOLEAN",
                                "value": false
                            },
                            "Scheme": {
                                "type": "SCHEME",
                                "value": ""
                            },
                            "ImageMargin": {
                                "type": "INTEGER",
                                "value": 10
                            },
                            "Size": {
                                "Height": {
                                    "type": "INTEGER",
                                    "value": 30
                                },
                                "Width": {
                                    "type": "INTEGER",
                                    "value": 55
                                }
                            },
                            "Toggleable": {
                                "type": "BOOLEAN",
                                "value": false
                            },
                            "MarginTop": {
                                "type": "INTEGER",
                                "value": 4
                            },
                            "Name": {
                                "type": "TEXT",
                                "value": "FPSNextButton"
                            },
                            "AlphaEnable": {
                                "type": "BOOLEAN",
                                "value": false
                            },
                            "PressedEvent": {
                                "type": "BOOLEAN",
                                "value": true
                            },
                            "VAlignment": {
                                "type": "TEXT",
                                "value": "Middle"
                            },
                            "PressedImage": {
                                "type": "IMAGE",
                                "value": ""
                            },
                            "PressedOffset": {
                                "type": "INTEGER",
                                "value": 1
                            },
                            "StringID": {
                                "type": "STRING",
                                "value": "Next"
                            },
                            "MarginBottom": {
                                "type": "INTEGER",
                                "value": 4
                            },
                            "Visible": {
                                "type": "BOOLEAN",
                                "value": true
                            },
                            "AlphaAmount": {
                                "type": "INTEGER",
                                "value": 255
                            },
                            "Position": {
                                "X": {
                                    "type": "INTEGER",
                                    "value": 57
                                },
                                "Y": {
                                    "type": "INTEGER",
                                    "value": 229
                                }
                            },
                            "ImagePosition": {
                                "type": "TEXT",
                                "value": "LeftOf"
                            },
                            "MarginRight": {
                                "type": "INTEGER",
                                "value": 4
                            },
                            "Enabled": {
                                "type": "BOOLEAN",
                                "value": true
                            },
                            "ReleasedEvent": {
                                "type": "BOOLEAN",
                                "value": false
                            },
                            "BackgroundType": {
                                "type": "TEXT",
                                "value": "None"
                            },
                            "ReleasedImage": {
                                "type": "IMAGE",
                                "value": ""
                            },
                            "BorderType": {
                                "type": "TEXT",
                                "value": "Bevel"
                            },
                            "MarginLeft": {
                                "type": "INTEGER",
                                "value": 4
                            }
                        },
                        "events": {
                            "ReleasedEvent": {
                                "mode": "DECLARE",
                                "pretty_name": "Released",
                                "name": "ReleasedEvent",
                                "enabled": "false"
                            },
                            "PressedEvent": {
                                "mode": "DECLARE",
                                "pretty_name": "Pressed",
                                "name": "PressedEvent",
                                "enabled": "true"
                            }
                        }
                    },
                    {
                        "hidden": false,
                        "locked": false,
                        "type": "LabelWidget",
                        "properties": {
                            "HAlignment": {
                                "type": "TEXT",
                                "value": "Center"
                            },
                            "Scheme": {
                                "type": "SCHEME",
                                "value": ""
                            },
                            "AlphaAmount": {
                                "type": "INTEGER",
                                "value": 255
                            },
                            "Position": {
                                "X": {
                                    "type": "INTEGER",
                                    "value": 68
                                },
                                "Y": {
                                    "type": "INTEGER",
                                    "value": 123
                                }
                            },
                            "Size": {
                                "Height": {
                                    "type": "INTEGER",
                                    "value": 25
                                },
                                "Width": {
                                    "type": "INTEGER",
                                    "value": 24
                                }
                            },
                            "MarginRight": {
                                "type": "INTEGER",
                                "value": 4
                            },
                            "Enabled": {
                                "type": "BOOLEAN",
                                "value": true
                            },
                            "MarginTop": {
                                "type": "INTEGER",
                                "value": 4
                            },
                            "Name": {
                                "type": "TEXT",
                                "value": "FPSStringSize"
                            },
                            "AlphaEnable": {
                                "type": "BOOLEAN",
                                "value": false
                            },
                            "VAlignment": {
                                "type": "TEXT",
                                "value": "Middle"
                            },
                            "BackgroundType": {
                                "type": "TEXT",
                                "value": "None"
                            },
                            "StringID": {
                                "type": "STRING",
                                "value": "NumsLittle"
                            },
                            "MarginBottom": {
                                "type": "INTEGER",
                                "value": 4
                            },
                            "Visible": {
                                "type": "BOOLEAN",
                                "value": true
                            },
                            "BorderType": {
                                "type": "TEXT",
                                "value": "None"
                            },
                            "MarginLeft": {
                                "type": "INTEGER",
                                "value": 4
                            }
                        }
                    },
                    {
                        "hidden": false,
                        "locked": false,
                        "type": "LabelWidget",
                        "properties": {
                            "HAlignment": {
                                "type": "TEXT",
                                "value": "Left"
                            },
                            "Scheme": {
                                "type": "SCHEME",
                                "value": ""
                            },
                            "AlphaAmount": {
                                "type": "INTEGER",
                                "value": 255
                            },
                            "Position": {
                                "X": {
                                    "type": "INTEGER",
                                    "value": 2
                                },
                                "Y": {
                                    "type": "INTEGER",
                                    "value": 121
                                }
                            },
                            "Size": {
                                "Height": {
                                    "type": "INTEGER",
                                    "value": 25
                                },
                                "Width": {
                                    "type": "INTEGER",
                                    "value": 64
                                }
                            },
                            "MarginRight": {
                                "type": "INTEGER",
                                "value": 4
                            },
                            "Enabled": {
                                "type": "BOOLEAN",
                                "value": true
                            },
                            "MarginTop": {
                                "type": "INTEGER",
                                "value": 4
                            },
                            "Name": {
                                "type": "TEXT",
                                "value": "FPSSizeLabel"
                            },
                            "AlphaEnable": {
                                "type": "BOOLEAN",
                                "value": false
                            },
                            "VAlignment": {
                                "type": "TEXT",
                                "value": "Middle"
                            },
                            "BackgroundType": {
                                "type": "TEXT",
                                "value": "None"
                            },
                            "StringID": {
                                "type": "STRING",
                                "value": "Size"
                            },
                            "MarginBottom": {
                                "type": "INTEGER",
                                "value": 4
                            },
                            "Visible": {
                                "type": "BOOLEAN",
                                "value": true
                            },
                            "BorderType": {
                                "type": "TEXT",
                                "value": "None"
                            },
                            "MarginLeft": {
                                "type": "INTEGER",
                                "value": 4
                            }
                        }
                    }
                ],
                "locked": false,
                "type": "PanelWidget",
                "properties": {
                    "HAlignment": {
                        "type": "TEXT",
                        "value": "Center"
                    },
                    "Scheme": {
                        "type": "SCHEME",
                        "value": "WhiteBackgroundScheme"
                    },
                    "AlphaAmount": {
                        "type": "INTEGER",
                        "value": 255
                    },
                    "Position": {
                        "X": {
                            "type": "INTEGER",
                            "value": 359
                        },
                        "Y": {
                            "type": "INTEGER",
                            "value": 8
                        }
                    },
                    "Size": {
                        "Height": {
                            "type": "INTEGER",
                            "value": 260
                        },
                        "Width": {
                            "type": "INTEGER",
                            "value": 113
                        }
                    },
                    "MarginRight": {
                        "type": "INTEGER",
                        "value": 4
                    },
                    "Enabled": {
                        "type": "BOOLEAN",
                        "value": true
                    },
                    "MarginTop": {
                        "type": "INTEGER",
                        "value": 4
                    },
                    "Name": {
                        "type": "TEXT",
                        "value": "FPSSideContainer"
                    },
                    "AlphaEnable": {
                        "type": "BOOLEAN",
                        "value": false
                    },
                    "VAlignment": {
                        "type": "TEXT",
                        "value": "Middle"
                    },
                    "BackgroundType": {
                        "type": "TEXT",
                        "value": "None"
                    },
                    "MarginBottom": {
                        "type": "INTEGER",
                        "value": 4
                    },
                    "Visible": {
                        "type": "BOOLEAN",
                        "value": true
                    },
                    "BorderType": {
                        "type": "TEXT",
                        "value": "Line"
                    },
                    "MarginLeft": {
                        "type": "INTEGER",
                        "value": 4
                    }
                }
            },
            {
                "hidden": false,
                "locked": false,
                "type": "ButtonWidget",
                "properties": {
                    "HAlignment": {
                        "type": "TEXT",
                        "value": "Center"
                    },
                    "Pressed": {
                        "type": "BOOLEAN",
                        "value": false
                    },
                    "Scheme": {
                        "type": "SCHEME",
                        "value": ""
                    },
                    "ImageMargin": {
                        "type": "INTEGER",
                        "value": 10
                    },
                    "Size": {
                        "Height": {
                            "type": "INTEGER",
                            "value": 30
                        },
                        "Width": {
                            "type": "INTEGER",
                            "value": 107
                        }
                    },
                    "Toggleable": {
                        "type": "BOOLEAN",
                        "value": true
                    },
                    "MarginTop": {
                        "type": "INTEGER",
                        "value": 4
                    },
                    "Name": {
                        "type": "TEXT",
                        "value": "FPSUpdateValue"
                    },
                    "AlphaEnable": {
                        "type": "BOOLEAN",
                        "value": false
                    },
                    "PressedEvent": {
                        "type": "BOOLEAN",
                        "value": false
                    },
                    "VAlignment": {
                        "type": "TEXT",
                        "value": "Middle"
                    },
                    "PressedImage": {
                        "type": "IMAGE",
                        "value": ""
                    },
                    "PressedOffset": {
                        "type": "INTEGER",
                        "value": 1
                    },
                    "StringID": {
                        "type": "STRING",
                        "value": "NumsLittle"
                    },
                    "MarginBottom": {
                        "type": "INTEGER",
                        "value": 4
                    },
                    "Visible": {
                        "type": "BOOLEAN",
                        "value": true
                    },
                    "AlphaAmount": {
                        "type": "INTEGER",
                        "value": 255
                    },
                    "Position": {
                        "X": {
                            "type": "INTEGER",
                            "value": 362
                        },
                        "Y": {
                            "type": "INTEGER",
                            "value": 50
                        }
                    },
                    "ImagePosition": {
                        "type": "TEXT",
                        "value": "LeftOf"
                    },
                    "MarginRight": {
                        "type": "INTEGER",
                        "value": 4
                    },
                    "Enabled": {
                        "type": "BOOLEAN",
                        "value": true
                    },
                    "ReleasedEvent": {
                        "type": "BOOLEAN",
                        "value": false
                    },
                    "BackgroundType": {
                        "type": "TEXT",
                        "value": "None"
                    },
                    "ReleasedImage": {
                        "type": "IMAGE",
                        "value": ""
                    },
                    "BorderType": {
                        "type": "TEXT",
                        "value": "Bevel"
                    },
                    "MarginLeft": {
                        "type": "INTEGER",
                        "value": 4
                    }
                },
                "events": {
                    "ReleasedEvent": {
                        "mode": "GENERATE",
                        "pretty_name": "Released",
                        "name": "ReleasedEvent",
                        "enabled": "false"
                    },
                    "PressedEvent": {
                        "mode": "GENERATE",
                        "pretty_name": "Pressed",
                        "name": "PressedEvent",
                        "enabled": "false"
                    }
                }
            }
        ],
        "locked": false,
        "type": "Layer",
        "properties": {
            "AlphaAmount": {
                "type": "INTEGER",
                "value": 255
            },
            "Visible": {
                "type": "BOOLEAN",
                "value": true
            },
            "Name": {
                "type": "TEXT",
                "value": "Layer0"
            },
            "AlphaEnable": {
                "type": "BOOLEAN",
                "value": false
            }
        }
    }],
    "locked": false,
    "properties": {
        "Active": {
            "type": "BOOLEAN",
            "value": false
        },
        "CreateAtStartup": {
            "type": "BOOLEAN",
            "value": false
        },
        "Primary": {
            "type": "BOOLEAN",
            "value": false
        },
        "Visible": {
            "type": "BOOLEAN",
            "value": true
        },
        "Export": {
            "type": "BOOLEAN",
            "value": true
        },
        "Persistent": {
            "type": "BOOLEAN",
            "value": false
        },
        "HideEvent": {
            "type": "BOOLEAN",
            "value": true
        },
        "Name": {
            "type": "TEXT",
            "value": "FPSCounters"
        },
        "ShowEvent": {
            "type": "BOOLEAN",
            "value": true
        },
        "UpdateEvent": {
            "type": "BOOLEAN",
            "value": true
        }
    },
    "events": {
        "HideEvent": {
            "mode": "DECLARE",
            "pretty_name": "On Hide",
            "name": "HideEvent",
            "enabled": "true"
        },
        "ShowEvent": {
            "mode": "DECLARE",
            "pretty_name": "On Show",
            "name": "ShowEvent",
            "enabled": "true"
        },
        "UpdateEvent": {
            "mode": "DECLARE",
            "pretty_name": "On Update",
            "name": "UpdateEvent",
            "enabled": "true"
        }
    }
}