{
    "hidden": false,
    "children": [{
        "hidden": false,
        "children": [
            {
                "hidden": false,
                "locked": false,
                "type": "PanelWidget",
                "properties": {
                    "HAlignment": {
                        "type": "TEXT",
                        "value": "Center"
                    },
                    "Scheme": {
                        "type": "SCHEME",
                        "value": "WhiteFillScheme"
                    },
                    "AlphaAmount": {
                        "type": "INTEGER",
                        "value": 255
                    },
                    "Position": {
                        "X": {
                            "type": "INTEGER",
                            "value": 0
                        },
                        "Y": {
                            "type": "INTEGER",
                            "value": 0
                        }
                    },
                    "Size": {
                        "Height": {
                            "type": "INTEGER",
                            "value": 272
                        },
                        "Width": {
                            "type": "INTEGER",
                            "value": 480
                        }
                    },
                    "MarginRight": {
                        "type": "INTEGER",
                        "value": 4
                    },
                    "Enabled": {
                        "type": "BOOLEAN",
                        "value": true
                    },
                    "MarginTop": {
                        "type": "INTEGER",
                        "value": 4
                    },
                    "Name": {
                        "type": "TEXT",
                        "value": "ImageBackground"
                    },
                    "AlphaEnable": {
                        "type": "BOOLEAN",
                        "value": false
                    },
                    "VAlignment": {
                        "type": "TEXT",
                        "value": "Middle"
                    },
                    "BackgroundType": {
                        "type": "TEXT",
                        "value": "Fill"
                    },
                    "MarginBottom": {
                        "type": "INTEGER",
                        "value": 4
                    },
                    "Visible": {
                        "type": "BOOLEAN",
                        "value": true
                    },
                    "BorderType": {
                        "type": "TEXT",
                        "value": "None"
                    },
                    "MarginLeft": {
                        "type": "INTEGER",
                        "value": 4
                    }
                }
            },
            {
                "hidden": false,
                "locked": false,
                "type": "ImageWidget",
                "properties": {
                    "HAlignment": {
                        "type": "TEXT",
                        "value": "Left"
                    },
                    "Scheme": {
                        "type": "SCHEME",
                        "value": ""
                    },
                    "AlphaAmount": {
                        "type": "INTEGER",
                        "value": 255
                    },
                    "Position": {
                        "X": {
                            "type": "INTEGER",
                            "value": 0
                        },
                        "Y": {
                            "type": "INTEGER",
                            "value": 0
                        }
                    },
                    "Size": {
                        "Height": {
                            "type": "INTEGER",
                            "value": 272
                        },
                        "Width": {
                            "type": "INTEGER",
                            "value": 480
                        }
                    },
                    "MarginRight": {
                        "type": "INTEGER",
                        "value": 4
                    },
                    "Enabled": {
                        "type": "BOOLEAN",
                        "value": true
                    },
                    "MarginTop": {
                        "type": "INTEGER",
                        "value": 4
                    },
                    "Image": {
                        "type": "IMAGE",
                        "value": ""
                    },
                    "Name": {
                        "type": "TEXT",
                        "value": "ImageRenderArea"
                    },
                    "AlphaEnable": {
                        "type": "BOOLEAN",
                        "value": false
                    },
                    "VAlignment": {
                        "type": "TEXT",
                        "value": "Top"
                    },
                    "BackgroundType": {
                        "type": "TEXT",
                        "value": "None"
                    },
                    "MarginBottom": {
                        "type": "INTEGER",
                        "value": 4
                    },
                    "Visible": {
                        "type": "BOOLEAN",
                        "value": true
                    },
                    "BorderType": {
                        "type": "TEXT",
                        "value": "None"
                    },
                    "MarginLeft": {
                        "type": "INTEGER",
                        "value": 4
                    }
                }
            },
            {
                "hidden": false,
                "children": [
                    {
                        "hidden": false,
                        "locked": false,
                        "type": "LabelWidget",
                        "properties": {
                            "HAlignment": {
                                "type": "TEXT",
                                "value": "Left"
                            },
                            "Scheme": {
                                "type": "SCHEME",
                                "value": ""
                            },
                            "AlphaAmount": {
                                "type": "INTEGER",
                                "value": 255
                            },
                            "Position": {
                                "X": {
                                    "type": "INTEGER",
                                    "value": 1
                                },
                                "Y": {
                                    "type": "INTEGER",
                                    "value": 22
                                }
                            },
                            "Size": {
                                "Height": {
                                    "type": "INTEGER",
                                    "value": 19
                                },
                                "Width": {
                                    "type": "INTEGER",
                                    "value": 110
                                }
                            },
                            "MarginRight": {
                                "type": "INTEGER",
                                "value": 4
                            },
                            "Enabled": {
                                "type": "BOOLEAN",
                                "value": true
                            },
                            "MarginTop": {
                                "type": "INTEGER",
                                "value": 4
                            },
                            "Name": {
                                "type": "TEXT",
                                "value": "ImageUpdateLabel"
                            },
                            "AlphaEnable": {
                                "type": "BOOLEAN",
                                "value": false
                            },
                            "VAlignment": {
                                "type": "TEXT",
                                "value": "Middle"
                            },
                            "BackgroundType": {
                                "type": "TEXT",
                                "value": "None"
                            },
                            "StringID": {
                                "type": "STRING",
                                "value": "FPS"
                            },
                            "MarginBottom": {
                                "type": "INTEGER",
                                "value": 4
                            },
                            "Visible": {
                                "type": "BOOLEAN",
                                "value": true
                            },
                            "BorderType": {
                                "type": "TEXT",
                                "value": "None"
                            },
                            "MarginLeft": {
                                "type": "INTEGER",
                                "value": 4
                            }
                        }
                    },
                    {
                        "hidden": false,
                        "locked": false,
                        "type": "LabelWidget",
                        "properties": {
                            "HAlignment": {
                                "type": "TEXT",
                                "value": "Left"
                            },
                            "Scheme": {
                                "type": "SCHEME",
                                "value": ""
                            },
                            "AlphaAmount": {
                                "type": "INTEGER",
                                "value": 255
                            },
                            "Position": {
                                "X": {
                                    "type": "INTEGER",
                                    "value": 1
                                },
                                "Y": {
                                    "type": "INTEGER",
                                    "value": 68
                                }
                            },
                            "Size": {
                                "Height": {
                                    "type": "INTEGER",
                                    "value": 18
                                },
                                "Width": {
                                    "type": "INTEGER",
                                    "value": 109
                                }
                            },
                            "MarginRight": {
                                "type": "INTEGER",
                                "value": 4
                            },
                            "Enabled": {
                                "type": "BOOLEAN",
                                "value": true
                            },
                            "MarginTop": {
                                "type": "INTEGER",
                                "value": 4
                            },
                            "Name": {
                                "type": "TEXT",
                                "value": "ImageRefreshLabel"
                            },
                            "AlphaEnable": {
                                "type": "BOOLEAN",
                                "value": false
                            },
                            "VAlignment": {
                                "type": "TEXT",
                                "value": "Middle"
                            },
                            "BackgroundType": {
                                "type": "TEXT",
                                "value": "None"
                            },
                            "StringID": {
                                "type": "STRING",
                                "value": "RefreshRate"
                            },
                            "MarginBottom": {
                                "type": "INTEGER",
                                "value": 4
                            },
                            "Visible": {
                                "type": "BOOLEAN",
                                "value": true
                            },
                            "BorderType": {
                                "type": "TEXT",
                                "value": "None"
                            },
                            "MarginLeft": {
                                "type": "INTEGER",
                                "value": 4
                            }
                        }
                    },
                    {
                        "hidden": false,
                        "locked": false,
                        "type": "LabelWidget",
                        "properties": {
                            "HAlignment": {
                                "type": "TEXT",
                                "value": "Center"
                            },
                            "Scheme": {
                                "type": "SCHEME",
                                "value": ""
                            },
                            "AlphaAmount": {
                                "type": "INTEGER",
                                "value": 255
                            },
                            "Position": {
                                "X": {
                                    "type": "INTEGER",
                                    "value": 7
                                },
                                "Y": {
                                    "type": "INTEGER",
                                    "value": 89
                                }
                            },
                            "Size": {
                                "Height": {
                                    "type": "INTEGER",
                                    "value": 24
                                },
                                "Width": {
                                    "type": "INTEGER",
                                    "value": 101
                                }
                            },
                            "MarginRight": {
                                "type": "INTEGER",
                                "value": 4
                            },
                            "Enabled": {
                                "type": "BOOLEAN",
                                "value": true
                            },
                            "MarginTop": {
                                "type": "INTEGER",
                                "value": 4
                            },
                            "Name": {
                                "type": "TEXT",
                                "value": "ImageRefreshValue"
                            },
                            "AlphaEnable": {
                                "type": "BOOLEAN",
                                "value": false
                            },
                            "VAlignment": {
                                "type": "TEXT",
                                "value": "Middle"
                            },
                            "BackgroundType": {
                                "type": "TEXT",
                                "value": "None"
                            },
                            "StringID": {
                                "type": "STRING",
                                "value": "NumsLittle"
                            },
                            "MarginBottom": {
                                "type": "INTEGER",
                                "value": 4
                            },
                            "Visible": {
                                "type": "BOOLEAN",
                                "value": true
                            },
                            "BorderType": {
                                "type": "TEXT",
                                "value": "None"
                            },
                            "MarginLeft": {
                                "type": "INTEGER",
                                "value": 4
                            }
                        }
                    },
                    {
                        "hidden": false,
                        "locked": false,
                        "type": "LabelWidget",
                        "properties": {
                            "HAlignment": {
                                "type": "TEXT",
                                "value": "Center"
                            },
                            "Scheme": {
                                "type": "SCHEME",
                                "value": ""
                            },
                            "AlphaAmount": {
                                "type": "INTEGER",
                                "value": 255
                            },
                            "Position": {
                                "X": {
                                    "type": "INTEGER",
                                    "value": 0
                                },
                                "Y": {
                                    "type": "INTEGER",
                                    "value": 2
                                }
                            },
                            "Size": {
                                "Height": {
                                    "type": "INTEGER",
                                    "value": 25
                                },
                                "Width": {
                                    "type": "INTEGER",
                                    "value": 111
                                }
                            },
                            "MarginRight": {
                                "type": "INTEGER",
                                "value": 4
                            },
                            "Enabled": {
                                "type": "BOOLEAN",
                                "value": true
                            },
                            "MarginTop": {
                                "type": "INTEGER",
                                "value": 4
                            },
                            "Name": {
                                "type": "TEXT",
                                "value": "ImageContainerTitle"
                            },
                            "AlphaEnable": {
                                "type": "BOOLEAN",
                                "value": false
                            },
                            "VAlignment": {
                                "type": "TEXT",
                                "value": "Middle"
                            },
                            "BackgroundType": {
                                "type": "TEXT",
                                "value": "None"
                            },
                            "StringID": {
                                "type": "STRING",
                                "value": "ImageRendering"
                            },
                            "MarginBottom": {
                                "type": "INTEGER",
                                "value": 4
                            },
                            "Visible": {
                                "type": "BOOLEAN",
                                "value": true
                            },
                            "BorderType": {
                                "type": "TEXT",
                                "value": "None"
                            },
                            "MarginLeft": {
                                "type": "INTEGER",
                                "value": 4
                            }
                        }
                    },
                    {
                        "hidden": false,
                        "locked": false,
                        "type": "ButtonWidget",
                        "properties": {
                            "HAlignment": {
                                "type": "TEXT",
                                "value": "Center"
                            },
                            "Pressed": {
                                "type": "BOOLEAN",
                                "value": false
                            },
                            "Scheme": {
                                "type": "SCHEME",
                                "value": ""
                            },
                            "ImageMargin": {
                                "type": "INTEGER",
                                "value": 10
                            },
                            "Size": {
                                "Height": {
                                    "type": "INTEGER",
                                    "value": 30
                                },
                                "Width": {
                                    "type": "INTEGER",
                                    "value": 55
                                }
                            },
                            "Toggleable": {
                                "type": "BOOLEAN",
                                "value": false
                            },
                            "MarginTop": {
                                "type": "INTEGER",
                                "value": 4
                            },
                            "Name": {
                                "type": "TEXT",
                                "value": "ImageNextButton"
                            },
                            "AlphaEnable": {
                                "type": "BOOLEAN",
                                "value": false
                            },
                            "PressedEvent": {
                                "type": "BOOLEAN",
                                "value": true
                            },
                            "VAlignment": {
                                "type": "TEXT",
                                "value": "Middle"
                            },
                            "PressedImage": {
                                "type": "IMAGE",
                                "value": ""
                            },
                            "PressedOffset": {
                                "type": "INTEGER",
                                "value": 1
                            },
                            "StringID": {
                                "type": "STRING",
                                "value": "Next"
                            },
                            "MarginBottom": {
                                "type": "INTEGER",
                                "value": 4
                            },
                            "Visible": {
                                "type": "BOOLEAN",
                                "value": true
                            },
                            "AlphaAmount": {
                                "type": "INTEGER",
                                "value": 255
                            },
                            "Position": {
                                "X": {
                                    "type": "INTEGER",
                                    "value": 57
                                },
                                "Y": {
                                    "type": "INTEGER",
                                    "value": 226
                                }
                            },
                            "ImagePosition": {
                                "type": "TEXT",
                                "value": "LeftOf"
                            },
                            "MarginRight": {
                                "type": "INTEGER",
                                "value": 4
                            },
                            "Enabled": {
                                "type": "BOOLEAN",
                                "value": true
                            },
                            "ReleasedEvent": {
                                "type": "BOOLEAN",
                                "value": false
                            },
                            "BackgroundType": {
                                "type": "TEXT",
                                "value": "None"
                            },
                            "ReleasedImage": {
                                "type": "IMAGE",
                                "value": ""
                            },
                            "BorderType": {
                                "type": "TEXT",
                                "value": "Bevel"
                            },
                            "MarginLeft": {
                                "type": "INTEGER",
                                "value": 4
                            }
                        },
                        "events": {
                            "ReleasedEvent": {
                                "mode": "DECLARE",
                                "pretty_name": "Released",
                                "name": "ReleasedEvent",
                                "enabled": "false"
                            },
                            "PressedEvent": {
                                "mode": "DECLARE",
                                "pretty_name": "Pressed",
                                "name": "PressedEvent",
                                "enabled": "true"
                            }
                        }
                    },
                    {
                        "hidden": false,
                        "locked": false,
                        "type": "ButtonWidget",
                        "properties": {
                            "HAlignment": {
                                "type": "TEXT",
                                "value": "Center"
                            },
                            "Pressed": {
                                "type": "BOOLEAN",
                                "value": false
                            },
                            "Scheme": {
                                "type": "SCHEME",
                                "value": ""
                            },
                            "ImageMargin": {
                                "type": "INTEGER",
                                "value": 10
                            },
                            "Size": {
                                "Height": {
                                    "type": "INTEGER",
                                    "value": 30
                                },
                                "Width": {
                                    "type": "INTEGER",
                                    "value": 55
                                }
                            },
                            "Toggleable": {
                                "type": "BOOLEAN",
                                "value": false
                            },
                            "MarginTop": {
                                "type": "INTEGER",
                                "value": 4
                            },
                            "Name": {
                                "type": "TEXT",
                                "value": "ImageSizeDownButton"
                            },
                            "AlphaEnable": {
                                "type": "BOOLEAN",
                                "value": false
                            },
                            "PressedEvent": {
                                "type": "BOOLEAN",
                                "value": true
                            },
                            "VAlignment": {
                                "type": "TEXT",
                                "value": "Middle"
                            },
                            "PressedImage": {
                                "type": "IMAGE",
                                "value": ""
                            },
                            "PressedOffset": {
                                "type": "INTEGER",
                                "value": 1
                            },
                            "StringID": {
                                "type": "STRING",
                                "value": "Minus"
                            },
                            "MarginBottom": {
                                "type": "INTEGER",
                                "value": 4
                            },
                            "Visible": {
                                "type": "BOOLEAN",
                                "value": true
                            },
                            "AlphaAmount": {
                                "type": "INTEGER",
                                "value": 255
                            },
                            "Position": {
                                "X": {
                                    "type": "INTEGER",
                                    "value": 1
                                },
                                "Y": {
                                    "type": "INTEGER",
                                    "value": 136
                                }
                            },
                            "ImagePosition": {
                                "type": "TEXT",
                                "value": "LeftOf"
                            },
                            "MarginRight": {
                                "type": "INTEGER",
                                "value": 4
                            },
                            "Enabled": {
                                "type": "BOOLEAN",
                                "value": true
                            },
                            "ReleasedEvent": {
                                "type": "BOOLEAN",
                                "value": false
                            },
                            "BackgroundType": {
                                "type": "TEXT",
                                "value": "None"
                            },
                            "ReleasedImage": {
                                "type": "IMAGE",
                                "value": ""
                            },
                            "BorderType": {
                                "type": "TEXT",
                                "value": "Bevel"
                            },
                            "MarginLeft": {
                                "type": "INTEGER",
                                "value": 4
                            }
                        },
                        "events": {
                            "ReleasedEvent": {
                                "mode": "DECLARE",
                                "pretty_name": "Released",
                                "name": "ReleasedEvent",
                                "enabled": "false"
                            },
                            "PressedEvent": {
                                "mode": "DECLARE",
                                "pretty_name": "Pressed",
                                "name": "PressedEvent",
                                "enabled": "true"
                            }
                        }
                    },
                    {
                        "hidden": false,
                        "locked": false,
                        "type": "ButtonWidget",
                        "properties": {
                            "HAlignment": {
                                "type": "TEXT",
                                "value": "Center"
                            },
                            "Pressed": {
                                "type": "BOOLEAN",
                                "value": false
                            },
                            "Scheme": {
                                "type": "SCHEME",
                                "value": ""
                            },
                            "ImageMargin": {
                                "type": "INTEGER",
                                "value": 10
                            },
                            "Size": {
                                "Height": {
                                    "type": "INTEGER",
                                    "value": 30
                                },
                                "Width": {
                                    "type": "INTEGER",
                                    "value": 55
                                }
                            },
                            "Toggleable": {
                                "type": "BOOLEAN",
                                "value": false
                            },
                            "MarginTop": {
                                "type": "INTEGER",
                                "value": 4
                            },
                            "Name": {
                                "type": "TEXT",
                                "value": "ImageSizeUpButton"
                            },
                            "AlphaEnable": {
                                "type": "BOOLEAN",
                                "value": false
                            },
                            "PressedEvent": {
                                "type": "BOOLEAN",
                                "value": true
                            },
                            "VAlignment": {
                                "type": "TEXT",
                                "value": "Middle"
                            },
                            "PressedImage": {
                                "type": "IMAGE",
                                "value": ""
                            },
                            "PressedOffset": {
                                "type": "INTEGER",
                                "value": 1
                            },
                            "StringID": {
                                "type": "STRING",
                                "value": "Plus"
                            },
                            "MarginBottom": {
                                "type": "INTEGER",
                                "value": 4
                            },
                            "Visible": {
                                "type": "BOOLEAN",
                                "value": true
                            },
                            "AlphaAmount": {
                                "type": "INTEGER",
                                "value": 255
                            },
                            "Position": {
                                "X": {
                                    "type": "INTEGER",
                                    "value": 57
                                },
                                "Y": {
                                    "type": "INTEGER",
                                    "value": 136
                                }
                            },
                            "ImagePosition": {
                                "type": "TEXT",
                                "value": "LeftOf"
                            },
                            "MarginRight": {
                                "type": "INTEGER",
                                "value": 4
                            },
                            "Enabled": {
                                "type": "BOOLEAN",
                                "value": true
                            },
                            "ReleasedEvent": {
                                "type": "BOOLEAN",
                                "value": false
                            },
                            "BackgroundType": {
                                "type": "TEXT",
                                "value": "None"
                            },
                            "ReleasedImage": {
                                "type": "IMAGE",
                                "value": ""
                            },
                            "BorderType": {
                                "type": "TEXT",
                                "value": "Bevel"
                            },
                            "MarginLeft": {
                                "type": "INTEGER",
                                "value": 4
                            }
                        },
                        "events": {
                            "ReleasedEvent": {
                                "mode": "DECLARE",
                                "pretty_name": "Released",
                                "name": "ReleasedEvent",
                                "enabled": "false"
                            },
                            "PressedEvent": {
                                "mode": "DECLARE",
                                "pretty_name": "Pressed",
                                "name": "PressedEvent",
                                "enabled": "true"
                            }
                        }
                    },
                    {
                        "hidden": false,
                        "locked": false,
                        "type": "LabelWidget",
                        "properties": {
                            "HAlignment": {
                                "type": "TEXT",
                                "value": "Left"
                            },
                            "Scheme": {
                                "type": "SCHEME",
                                "value": ""
                            },
                            "AlphaAmount": {
                                "type": "INTEGER",
                                "value": 255
                            },
                            "Position": {
                                "X": {
                                    "type": "INTEGER",
                                    "value": 4
                                },
                                "Y": {
                                    "type": "INTEGER",
                                    "value": 113
                                }
                            },
                            "Size": {
                                "Height": {
                                    "type": "INTEGER",
                                    "value": 19
                                },
                                "Width": {
                                    "type": "INTEGER",
                                    "value": 33
                                }
                            },
                            "MarginRight": {
                                "type": "INTEGER",
                                "value": 4
                            },
                            "Enabled": {
                                "type": "BOOLEAN",
                                "value": true
                            },
                            "MarginTop": {
                                "type": "INTEGER",
                                "value": 4
                            },
                            "Name": {
                                "type": "TEXT",
                                "value": "ImageSizeLabel"
                            },
                            "AlphaEnable": {
                                "type": "BOOLEAN",
                                "value": false
                            },
                            "VAlignment": {
                                "type": "TEXT",
                                "value": "Middle"
                            },
                            "BackgroundType": {
                                "type": "TEXT",
                                "value": "None"
                            },
                            "StringID": {
                                "type": "STRING",
                                "value": "Size"
                            },
                            "MarginBottom": {
                                "type": "INTEGER",
                                "value": 4
                            },
                            "Visible": {
                                "type": "BOOLEAN",
                                "value": true
                            },
                            "BorderType": {
                                "type": "TEXT",
                                "value": "None"
                            },
                            "MarginLeft": {
                                "type": "INTEGER",
                                "value": 4
                            }
                        }
                    },
                    {
                        "hidden": false,
                        "locked": false,
                        "type": "LabelWidget",
                        "properties": {
                            "HAlignment": {
                                "type": "TEXT",
                                "value": "Left"
                            },
                            "Scheme": {
                                "type": "SCHEME",
                                "value": ""
                            },
                            "AlphaAmount": {
                                "type": "INTEGER",
                                "value": 255
                            },
                            "Position": {
                                "X": {
                                    "type": "INTEGER",
                                    "value": 35
                                },
                                "Y": {
                                    "type": "INTEGER",
                                    "value": 112
                                }
                            },
                            "Size": {
                                "Height": {
                                    "type": "INTEGER",
                                    "value": 23
                                },
                                "Width": {
                                    "type": "INTEGER",
                                    "value": 75
                                }
                            },
                            "MarginRight": {
                                "type": "INTEGER",
                                "value": 4
                            },
                            "Enabled": {
                                "type": "BOOLEAN",
                                "value": true
                            },
                            "MarginTop": {
                                "type": "INTEGER",
                                "value": 4
                            },
                            "Name": {
                                "type": "TEXT",
                                "value": "ImageSizeValue"
                            },
                            "AlphaEnable": {
                                "type": "BOOLEAN",
                                "value": false
                            },
                            "VAlignment": {
                                "type": "TEXT",
                                "value": "Middle"
                            },
                            "BackgroundType": {
                                "type": "TEXT",
                                "value": "None"
                            },
                            "StringID": {
                                "type": "STRING",
                                "value": "NumsTiny"
                            },
                            "MarginBottom": {
                                "type": "INTEGER",
                                "value": 4
                            },
                            "Visible": {
                                "type": "BOOLEAN",
                                "value": true
                            },
                            "BorderType": {
                                "type": "TEXT",
                                "value": "None"
                            },
                            "MarginLeft": {
                                "type": "INTEGER",
                                "value": 4
                            }
                        }
                    },
                    {
                        "hidden": false,
                        "locked": false,
                        "type": "LabelWidget",
                        "properties": {
                            "HAlignment": {
                                "type": "TEXT",
                                "value": "Left"
                            },
                            "Scheme": {
                                "type": "SCHEME",
                                "value": ""
                            },
                            "AlphaAmount": {
                                "type": "INTEGER",
                                "value": 255
                            },
                            "Position": {
                                "X": {
                                    "type": "INTEGER",
                                    "value": 4
                                },
                                "Y": {
                                    "type": "INTEGER",
                                    "value": 168
                                }
                            },
                            "Size": {
                                "Height": {
                                    "type": "INTEGER",
                                    "value": 19
                                },
                                "Width": {
                                    "type": "INTEGER",
                                    "value": 39
                                }
                            },
                            "MarginRight": {
                                "type": "INTEGER",
                                "value": 4
                            },
                            "Enabled": {
                                "type": "BOOLEAN",
                                "value": true
                            },
                            "MarginTop": {
                                "type": "INTEGER",
                                "value": 4
                            },
                            "Name": {
                                "type": "TEXT",
                                "value": "ImageTypeLabel"
                            },
                            "AlphaEnable": {
                                "type": "BOOLEAN",
                                "value": false
                            },
                            "VAlignment": {
                                "type": "TEXT",
                                "value": "Middle"
                            },
                            "BackgroundType": {
                                "type": "TEXT",
                                "value": "None"
                            },
                            "StringID": {
                                "type": "STRING",
                                "value": "ImageType"
                            },
                            "MarginBottom": {
                                "type": "INTEGER",
                                "value": 4
                            },
                            "Visible": {
                                "type": "BOOLEAN",
                                "value": true
                            },
                            "BorderType": {
                                "type": "TEXT",
                                "value": "None"
                            },
                            "MarginLeft": {
                                "type": "INTEGER",
                                "value": 4
                            }
                        }
                    },
                    {
                        "hidden": false,
                        "locked": false,
                        "type": "LabelWidget",
                        "properties": {
                            "HAlignment": {
                                "type": "TEXT",
                                "value": "Left"
                            },
                            "Scheme": {
                                "type": "SCHEME",
                                "value": ""
                            },
                            "AlphaAmount": {
                                "type": "INTEGER",
                                "value": 255
                            },
                            "Position": {
                                "X": {
                                    "type": "INTEGER",
                                    "value": 38
                                },
                                "Y": {
                                    "type": "INTEGER",
                                    "value": 168
                                }
                            },
                            "Size": {
                                "Height": {
                                    "type": "INTEGER",
                                    "value": 23
                                },
                                "Width": {
                                    "type": "INTEGER",
                                    "value": 74
                                }
                            },
                            "MarginRight": {
                                "type": "INTEGER",
                                "value": 4
                            },
                            "Enabled": {
                                "type": "BOOLEAN",
                                "value": true
                            },
                            "MarginTop": {
                                "type": "INTEGER",
                                "value": 4
                            },
                            "Name": {
                                "type": "TEXT",
                                "value": "ImageTypeValue"
                            },
                            "AlphaEnable": {
                                "type": "BOOLEAN",
                                "value": false
                            },
                            "VAlignment": {
                                "type": "TEXT",
                                "value": "Middle"
                            },
                            "BackgroundType": {
                                "type": "TEXT",
                                "value": "None"
                            },
                            "StringID": {
                                "type": "STRING",
                                "value": "NumsTiny"
                            },
                            "MarginBottom": {
                                "type": "INTEGER",
                                "value": 4
                            },
                            "Visible": {
                                "type": "BOOLEAN",
                                "value": true
                            },
                            "BorderType": {
                                "type": "TEXT",
                                "value": "None"
                            },
                            "MarginLeft": {
                                "type": "INTEGER",
                                "value": 4
                            }
                        }
                    },
                    {
                        "hidden": false,
                        "locked": false,
                        "type": "ButtonWidget",
                        "properties": {
                            "HAlignment": {
                                "type": "TEXT",
                                "value": "Center"
                            },
                            "Pressed": {
                                "type": "BOOLEAN",
                                "value": false
                            },
                            "Scheme": {
                                "type": "SCHEME",
                                "value": ""
                            },
                            "ImageMargin": {
                                "type": "INTEGER",
                                "value": 10
                            },
                            "Size": {
                                "Height": {
                                    "type": "INTEGER",
                                    "value": 30
                                },
                                "Width": {
                                    "type": "INTEGER",
                                    "value": 55
                                }
                            },
                            "Toggleable": {
                                "type": "BOOLEAN",
                                "value": false
                            },
                            "MarginTop": {
                                "type": "INTEGER",
                                "value": 4
                            },
                            "Name": {
                                "type": "TEXT",
                                "value": "ImageTypePrevButton"
                            },
                            "AlphaEnable": {
                                "type": "BOOLEAN",
                                "value": false
                            },
                            "PressedEvent": {
                                "type": "BOOLEAN",
                                "value": true
                            },
                            "VAlignment": {
                                "type": "TEXT",
                                "value": "Middle"
                            },
                            "PressedImage": {
                                "type": "IMAGE",
                                "value": ""
                            },
                            "PressedOffset": {
                                "type": "INTEGER",
                                "value": 1
                            },
                            "StringID": {
                                "type": "STRING",
                                "value": "Previous"
                            },
                            "MarginBottom": {
                                "type": "INTEGER",
                                "value": 4
                            },
                            "Visible": {
                                "type": "BOOLEAN",
                                "value": true
                            },
                            "AlphaAmount": {
                                "type": "INTEGER",
                                "value": 255
                            },
                            "Position": {
                                "X": {
                                    "type": "INTEGER",
                                    "value": 1
                                },
                                "Y": {
                                    "type": "INTEGER",
                                    "value": 192
                                }
                            },
                            "ImagePosition": {
                                "type": "TEXT",
                                "value": "LeftOf"
                            },
                            "MarginRight": {
                                "type": "INTEGER",
                                "value": 4
                            },
                            "Enabled": {
                                "type": "BOOLEAN",
                                "value": true
                            },
                            "ReleasedEvent": {
                                "type": "BOOLEAN",
                                "value": false
                            },
                            "BackgroundType": {
                                "type": "TEXT",
                                "value": "None"
                            },
                            "ReleasedImage": {
                                "type": "IMAGE",
                                "value": ""
                            },
                            "BorderType": {
                                "type": "TEXT",
                                "value": "Bevel"
                            },
                            "MarginLeft": {
                                "type": "INTEGER",
                                "value": 4
                            }
                        },
                        "events": {
                            "ReleasedEvent": {
                                "mode": "DECLARE",
                                "pretty_name": "Released",
                                "name": "ReleasedEvent",
                                "enabled": "false"
                            },
                            "PressedEvent": {
                                "mode": "DECLARE",
                                "pretty_name": "Pressed",
                                "name": "PressedEvent",
                                "enabled": "true"
                            }
                        }
                    },
                    {
                        "hidden": false,
                        "locked": false,
                        "type": "ButtonWidget",
                        "properties": {
                            "HAlignment": {
                                "type": "TEXT",
                                "value": "Center"
                            },
                            "Pressed": {
                                "type": "BOOLEAN",
                                "value": false
                            },
                            "Scheme": {
                                "type": "SCHEME",
                                "value": ""
                            },
                            "ImageMargin": {
                                "type": "INTEGER",
                                "value": 10
                            },
                            "Size": {
                                "Height": {
                                    "type": "INTEGER",
                                    "value": 30
                                },
                                "Width": {
                                    "type": "INTEGER",
                                    "value": 55
                                }
                            },
                            "Toggleable": {
                                "type": "BOOLEAN",
                                "value": false
                            },
                            "MarginTop": {
                                "type": "INTEGER",
                                "value": 4
                            },
                            "Name": {
                                "type": "TEXT",
                                "value": "ImageTypeNextButton"
                            },
                            "AlphaEnable": {
                                "type": "BOOLEAN",
                                "value": false
                            },
                            "PressedEvent": {
                                "type": "BOOLEAN",
                                "value": true
                            },
                            "VAlignment": {
                                "type": "TEXT",
                                "value": "Middle"
                            },
                            "PressedImage": {
                                "type": "IMAGE",
                                "value": ""
                            },
                            "PressedOffset": {
                                "type": "INTEGER",
                                "value": 1
                            },
                            "StringID": {
                                "type": "STRING",
                                "value": "NextSymbol"
                            },
                            "MarginBottom": {
                                "type": "INTEGER",
                                "value": 4
                            },
                            "Visible": {
                                "type": "BOOLEAN",
                                "value": true
                            },
                            "AlphaAmount": {
                                "type": "INTEGER",
                                "value": 255
                            },
                            "Position": {
                                "X": {
                                    "type": "INTEGER",
                                    "value": 57
                                },
                                "Y": {
                                    "type": "INTEGER",
                                    "value": 192
                                }
                            },
                            "ImagePosition": {
                                "type": "TEXT",
                                "value": "LeftOf"
                            },
                            "MarginRight": {
                                "type": "INTEGER",
                                "value": 4
                            },
                            "Enabled": {
                                "type": "BOOLEAN",
                                "value": true
                            },
                            "ReleasedEvent": {
                                "type": "BOOLEAN",
                                "value": false
                            },
                            "BackgroundType": {
                                "type": "TEXT",
                                "value": "None"
                            },
                            "ReleasedImage": {
                                "type": "IMAGE",
                                "value": ""
                            },
                            "BorderType": {
                                "type": "TEXT",
                                "value": "Bevel"
                            },
                            "MarginLeft": {
                                "type": "INTEGER",
                                "value": 4
                            }
                        },
                        "events": {
                            "ReleasedEvent": {
                                "mode": "DECLARE",
                                "pretty_name": "Released",
                                "name": "ReleasedEvent",
                                "enabled": "false"
                            },
                            "PressedEvent": {
                                "mode": "DECLARE",
                                "pretty_name": "Pressed",
                                "name": "PressedEvent",
                                "enabled": "true"
                            }
                        }
                    },
                    {
                        "hidden": false,
                        "locked": false,
                        "type": "ButtonWidget",
                        "properties": {
                            "HAlignment": {
                                "type": "TEXT",
                                "value": "Center"
                            },
                            "Pressed": {
                                "type": "BOOLEAN",
                                "value": false
                            },
                            "Scheme": {
                                "type": "SCHEME",
                                "value": ""
                            },
                            "ImageMargin": {
                                "type": "INTEGER",
                                "value": 10
                            },
                            "Size": {
                                "Height": {
                                    "type": "INTEGER",
                                    "value": 31
                                },
                                "Width": {
                                    "type": "INTEGER",
                                    "value": 107
                                }
                            },
                            "Toggleable": {
                                "type": "BOOLEAN",
                                "value": true
                            },
                            "MarginTop": {
                                "type": "INTEGER",
                                "value": 4
                            },
                            "Name": {
                                "type": "TEXT",
                                "value": "ImageUpdateValue"
                            },
                            "AlphaEnable": {
                                "type": "BOOLEAN",
                                "value": false
                            },
                            "PressedEvent": {
                                "type": "BOOLEAN",
                                "value": false
                            },
                            "VAlignment": {
                                "type": "TEXT",
                                "value": "Middle"
                            },
                            "PressedImage": {
                                "type": "IMAGE",
                                "value": ""
                            },
                            "PressedOffset": {
                                "type": "INTEGER",
                                "value": 1
                            },
                            "StringID": {
                                "type": "STRING",
                                "value": "NumsLittle"
                            },
                            "MarginBottom": {
                                "type": "INTEGER",
                                "value": 4
                            },
                            "Visible": {
                                "type": "BOOLEAN",
                                "value": true
                            },
                            "AlphaAmount": {
                                "type": "INTEGER",
                                "value": 255
                            },
                            "Position": {
                                "X": {
                                    "type": "INTEGER",
                                    "value": 5
                                },
                                "Y": {
                                    "type": "INTEGER",
                                    "value": 39
                                }
                            },
                            "ImagePosition": {
                                "type": "TEXT",
                                "value": "LeftOf"
                            },
                            "MarginRight": {
                                "type": "INTEGER",
                                "value": 4
                            },
                            "Enabled": {
                                "type": "BOOLEAN",
                                "value": true
                            },
                            "ReleasedEvent": {
                                "type": "BOOLEAN",
                                "value": false
                            },
                            "BackgroundType": {
                                "type": "TEXT",
                                "value": "None"
                            },
                            "ReleasedImage": {
                                "type": "IMAGE",
                                "value": ""
                            },
                            "BorderType": {
                                "type": "TEXT",
                                "value": "Bevel"
                            },
                            "MarginLeft": {
                                "type": "INTEGER",
                                "value": 4
                            }
                        },
                        "events": {
                            "ReleasedEvent": {
                                "mode": "GENERATE",
                                "pretty_name": "Released",
                                "name": "ReleasedEvent",
                                "enabled": "false"
                            },
                            "PressedEvent": {
                                "mode": "GENERATE",
                                "pretty_name": "Pressed",
                                "name": "PressedEvent",
                                "enabled": "false"
                            }
                        }
                    }
                ],
                "locked": false,
                "type": "PanelWidget",
                "properties": {
                    "HAlignment": {
                        "type": "TEXT",
                        "value": "Center"
                    },
                    "Scheme": {
                        "type": "SCHEME",
                        "value": "WhiteBackgroundScheme"
                    },
                    "AlphaAmount": {
                        "type": "INTEGER",
                        "value": 255
                    },
                    "Position": {
                        "X": {
                            "type": "INTEGER",
                            "value": 359
                        },
                        "Y": {
                            "type": "INTEGER",
                            "value": 8
                        }
                    },
                    "Size": {
                        "Height": {
                            "type": "INTEGER",
                            "value": 260
                        },
                        "Width": {
                            "type": "INTEGER",
                            "value": 113
                        }
                    },
                    "MarginRight": {
                        "type": "INTEGER",
                        "value": 4
                    },
                    "Enabled": {
                        "type": "BOOLEAN",
                        "value": true
                    },
                    "MarginTop": {
                        "type": "INTEGER",
                        "value": 4
                    },
                    "Name": {
                        "type": "TEXT",
                        "value": "ImageSideContainer"
                    },
                    "AlphaEnable": {
                        "type": "BOOLEAN",
                        "value": false
                    },
                    "VAlignment": {
                        "type": "TEXT",
                        "value": "Middle"
                    },
                    "BackgroundType": {
                        "type": "TEXT",
                        "value": "None"
                    },
                    "MarginBottom": {
                        "type": "INTEGER",
                        "value": 4
                    },
                    "Visible": {
                        "type": "BOOLEAN",
                        "value": true
                    },
                    "BorderType": {
                        "type": "TEXT",
                        "value": "Line"
                    },
                    "MarginLeft": {
                        "type": "INTEGER",
                        "value": 4
                    }
                }
            }
        ],
        "locked": false,
        "type": "Layer",
        "properties": {
            "AlphaAmount": {
                "type": "INTEGER",
                "value": 255
            },
            "Visible": {
                "type": "BOOLEAN",
                "value": true
            },
            "Name": {
                "type": "TEXT",
                "value": "Layer0"
            },
            "AlphaEnable": {
                "type": "BOOLEAN",
                "value": false
            }
        }
    }],
    "locked": false,
    "properties": {
        "Active": {
            "type": "BOOLEAN",
            "value": false
        },
        "CreateAtStartup": {
            "type": "BOOLEAN",
            "value": false
        },
        "Primary": {
            "type": "BOOLEAN",
            "value": false
        },
        "Visible": {
            "type": "BOOLEAN",
            "value": true
        },
        "Export": {
            "type": "BOOLEAN",
            "value": true
        },
        "Persistent": {
            "type": "BOOLEAN",
            "value": false
        },
        "HideEvent": {
            "type": "BOOLEAN",
            "value": true
        },
        "Name": {
            "type": "TEXT",
            "value": "FPSImages"
        },
        "ShowEvent": {
            "type": "BOOLEAN",
            "value": true
        },
        "UpdateEvent": {
            "type": "BOOLEAN",
            "value": true
        }
    },
    "events": {
        "HideEvent": {
            "mode": "DECLARE",
            "pretty_name": "On Hide",
            "name": "HideEvent",
            "enabled": "true"
        },
        "ShowEvent": {
            "mode": "DECLARE",
            "pretty_name": "On Show",
            "name": "ShowEvent",
            "enabled": "true"
        },
        "UpdateEvent": {
            "mode": "DECLARE",
            "pretty_name": "On Update",
            "name": "UpdateEvent",
            "enabled": "true"
        }
    }
}