{
    "hidden": false,
    "children": [{
        "hidden": false,
        "children": [
            {
                "hidden": false,
                "locked": false,
                "type": "PanelWidget",
                "properties": {
                    "HAlignment": "Center",
                    "Scheme": "LightGreenBackgroundScheme",
                    "AlphaAmount": 255,
                    "Position": {
                        "X": 0,
                        "Y": 0
                    },
                    "Size": {
                        "Height": 272,
                        "Width": 480
                    },
                    "MarginRight": 4,
                    "Enabled": true,
                    "MarginTop": 4,
                    "Name": "MotionBackground",
                    "AlphaEnable": false,
                    "VAlignment": "Middle",
                    "BackgroundType": "Fill",
                    "MarginBottom": 4,
                    "Visible": true,
                    "BorderType": "None",
                    "MarginLeft": 4
                }
            },
            {
                "hidden": false,
                "locked": false,
                "type": "RectangleWidget",
                "properties": {
                    "HAlignment": "Center",
                    "Scheme": "BrownFillScheme",
                    "AlphaAmount": 255,
                    "Position": {
                        "X": 314,
                        "Y": 131
                    },
                    "Size": {
                        "Height": 40,
                        "Width": 40
                    },
                    "MarginRight": 4,
                    "Enabled": true,
                    "MarginTop": 4,
                    "Name": "RectMotionWidget10",
                    "AlphaEnable": false,
                    "VAlignment": "Middle",
                    "Thickness": 0,
                    "BackgroundType": "Fill",
                    "MarginBottom": 4,
                    "Visible": true,
                    "BorderType": "None",
                    "MarginLeft": 4
                }
            },
            {
                "hidden": false,
                "locked": false,
                "type": "RectangleWidget",
                "properties": {
                    "HAlignment": "Center",
                    "Scheme": "LightBlueFillScheme",
                    "AlphaAmount": 255,
                    "Position": {
                        "X": 178,
                        "Y": 169
                    },
                    "Size": {
                        "Height": 40,
                        "Width": 40
                    },
                    "MarginRight": 4,
                    "Enabled": true,
                    "MarginTop": 4,
                    "Name": "RectMotionWidget9",
                    "AlphaEnable": false,
                    "VAlignment": "Middle",
                    "Thickness": 0,
                    "BackgroundType": "Fill",
                    "MarginBottom": 4,
                    "Visible": true,
                    "BorderType": "None",
                    "MarginLeft": 4
                }
            },
            {
                "hidden": false,
                "locked": false,
                "type": "RectangleWidget",
                "properties": {
                    "HAlignment": "Center",
                    "Scheme": "PurpleFillScheme",
                    "AlphaAmount": 255,
                    "Position": {
                        "X": 193,
                        "Y": 3
                    },
                    "Size": {
                        "Height": 40,
                        "Width": 40
                    },
                    "MarginRight": 4,
                    "Enabled": true,
                    "MarginTop": 4,
                    "Name": "RectMotionWidget8",
                    "AlphaEnable": false,
                    "VAlignment": "Middle",
                    "Thickness": 0,
                    "BackgroundType": "Fill",
                    "MarginBottom": 4,
                    "Visible": true,
                    "BorderType": "None",
                    "MarginLeft": 4
                }
            },
            {
                "hidden": false,
                "locked": false,
                "type": "RectangleWidget",
                "properties": {
                    "HAlignment": "Center",
                    "Scheme": "PinkFillScheme",
                    "AlphaAmount": 255,
                    "Position": {
                        "X": 155,
                        "Y": 70
                    },
                    "Size": {
                        "Height": 40,
                        "Width": 40
                    },
                    "MarginRight": 4,
                    "Enabled": true,
                    "MarginTop": 4,
                    "Name": "RectMotionWidget7",
                    "AlphaEnable": false,
                    "VAlignment": "Middle",
                    "Thickness": 0,
                    "BackgroundType": "Fill",
                    "MarginBottom": 4,
                    "Visible": true,
                    "BorderType": "None",
                    "MarginLeft": 4
                }
            },
            {
                "hidden": false,
                "locked": false,
                "type": "RectangleWidget",
                "properties": {
                    "HAlignment": "Center",
                    "Scheme": "OrangeFillScheme",
                    "AlphaAmount": 255,
                    "Position": {
                        "X": 98,
                        "Y": 24
                    },
                    "Size": {
                        "Height": 40,
                        "Width": 40
                    },
                    "MarginRight": 4,
                    "Enabled": true,
                    "MarginTop": 4,
                    "Name": "RectMotionWidget6",
                    "AlphaEnable": false,
                    "VAlignment": "Middle",
                    "Thickness": 0,
                    "BackgroundType": "Fill",
                    "MarginBottom": 4,
                    "Visible": true,
                    "BorderType": "None",
                    "MarginLeft": 4
                }
            },
            {
                "hidden": false,
                "locked": false,
                "type": "RectangleWidget",
                "properties": {
                    "HAlignment": "Center",
                    "Scheme": "BlueFillScheme",
                    "AlphaAmount": 255,
                    "Position": {
                        "X": 197,
                        "Y": 101
                    },
                    "Size": {
                        "Height": 40,
                        "Width": 40
                    },
                    "MarginRight": 4,
                    "Enabled": true,
                    "MarginTop": 4,
                    "Name": "RectMotionWidget5",
                    "AlphaEnable": false,
                    "VAlignment": "Middle",
                    "Thickness": 0,
                    "BackgroundType": "Fill",
                    "MarginBottom": 4,
                    "Visible": true,
                    "BorderType": "None",
                    "MarginLeft": 4
                }
            },
            {
                "hidden": false,
                "locked": false,
                "type": "RectangleWidget",
                "properties": {
                    "HAlignment": "Center",
                    "Scheme": "YellowFillScheme",
                    "AlphaAmount": 255,
                    "Position": {
                        "X": 264,
                        "Y": 79
                    },
                    "Size": {
                        "Height": 40,
                        "Width": 40
                    },
                    "MarginRight": 4,
                    "Enabled": true,
                    "MarginTop": 4,
                    "Name": "RectMotionWidget4",
                    "AlphaEnable": false,
                    "VAlignment": "Middle",
                    "Thickness": 0,
                    "BackgroundType": "Fill",
                    "MarginBottom": 4,
                    "Visible": true,
                    "BorderType": "None",
                    "MarginLeft": 4
                }
            },
            {
                "hidden": false,
                "locked": false,
                "type": "RectangleWidget",
                "properties": {
                    "HAlignment": "Center",
                    "Scheme": "WhiteFillScheme",
                    "AlphaAmount": 255,
                    "Position": {
                        "X": 84,
                        "Y": 185
                    },
                    "Size": {
                        "Height": 40,
                        "Width": 40
                    },
                    "MarginRight": 4,
                    "Enabled": true,
                    "MarginTop": 4,
                    "Name": "RectMotionWidget3",
                    "AlphaEnable": false,
                    "VAlignment": "Middle",
                    "Thickness": 0,
                    "BackgroundType": "Fill",
                    "MarginBottom": 4,
                    "Visible": true,
                    "BorderType": "None",
                    "MarginLeft": 4
                }
            },
            {
                "hidden": false,
                "locked": false,
                "type": "RectangleWidget",
                "properties": {
                    "HAlignment": "Center",
                    "Scheme": "RedFillScheme",
                    "AlphaAmount": 255,
                    "Position": {
                        "X": 286,
                        "Y": 206
                    },
                    "Size": {
                        "Height": 40,
                        "Width": 40
                    },
                    "MarginRight": 4,
                    "Enabled": true,
                    "MarginTop": 4,
                    "Name": "RectMotionWidget2",
                    "AlphaEnable": false,
                    "VAlignment": "Middle",
                    "Thickness": 0,
                    "BackgroundType": "Fill",
                    "MarginBottom": 4,
                    "Visible": true,
                    "BorderType": "None",
                    "MarginLeft": 4
                }
            },
            {
                "hidden": false,
                "locked": false,
                "type": "RectangleWidget",
                "properties": {
                    "HAlignment": "Center",
                    "Scheme": "LightPinkFillScheme",
                    "AlphaAmount": 255,
                    "Position": {
                        "X": 9,
                        "Y": 118
                    },
                    "Size": {
                        "Height": 40,
                        "Width": 40
                    },
                    "MarginRight": 4,
                    "Enabled": true,
                    "MarginTop": 4,
                    "Name": "RectMotionWidget1",
                    "AlphaEnable": false,
                    "VAlignment": "Middle",
                    "Thickness": 0,
                    "BackgroundType": "Fill",
                    "MarginBottom": 4,
                    "Visible": true,
                    "BorderType": "None",
                    "MarginLeft": 4
                }
            },
            {
                "hidden": false,
                "children": [
                    {
                        "hidden": false,
                        "locked": false,
                        "type": "LabelWidget",
                        "properties": {
                            "HAlignment": "Left",
                            "Scheme": "",
                            "AlphaAmount": 255,
                            "Position": {
                                "X": 1,
                                "Y": 22
                            },
                            "Size": {
                                "Height": 18,
                                "Width": 108
                            },
                            "MarginRight": 4,
                            "Enabled": true,
                            "MarginTop": 4,
                            "Name": "MotionUpdateLabel",
                            "AlphaEnable": false,
                            "VAlignment": "Middle",
                            "BackgroundType": "None",
                            "StringID": "FPS",
                            "MarginBottom": 4,
                            "Visible": true,
                            "BorderType": "None",
                            "MarginLeft": 4
                        }
                    },
                    {
                        "hidden": false,
                        "locked": false,
                        "type": "LabelWidget",
                        "properties": {
                            "HAlignment": "Left",
                            "Scheme": "",
                            "AlphaAmount": 255,
                            "Position": {
                                "X": 1,
                                "Y": 69
                            },
                            "Size": {
                                "Height": 18,
                                "Width": 108
                            },
                            "MarginRight": 4,
                            "Enabled": true,
                            "MarginTop": 4,
                            "Name": "MotionRefreshLabel",
                            "AlphaEnable": false,
                            "VAlignment": "Middle",
                            "BackgroundType": "None",
                            "StringID": "RefreshRate",
                            "MarginBottom": 4,
                            "Visible": true,
                            "BorderType": "None",
                            "MarginLeft": 4
                        }
                    },
                    {
                        "hidden": false,
                        "locked": false,
                        "type": "LabelWidget",
                        "properties": {
                            "HAlignment": "Center",
                            "Scheme": "",
                            "AlphaAmount": 255,
                            "Position": {
                                "X": 6,
                                "Y": 88
                            },
                            "Size": {
                                "Height": 27,
                                "Width": 101
                            },
                            "MarginRight": 4,
                            "Enabled": true,
                            "MarginTop": 4,
                            "Name": "MotionRefreshValue",
                            "AlphaEnable": false,
                            "VAlignment": "Middle",
                            "BackgroundType": "None",
                            "StringID": "NumsLittle",
                            "MarginBottom": 4,
                            "Visible": true,
                            "BorderType": "None",
                            "MarginLeft": 4
                        }
                    },
                    {
                        "hidden": false,
                        "locked": false,
                        "type": "LabelWidget",
                        "properties": {
                            "HAlignment": "Center",
                            "Scheme": "",
                            "AlphaAmount": 255,
                            "Position": {
                                "X": 5,
                                "Y": 1
                            },
                            "Size": {
                                "Height": 25,
                                "Width": 103
                            },
                            "MarginRight": 4,
                            "Enabled": true,
                            "MarginTop": 4,
                            "Name": "MotionContainerTitle",
                            "AlphaEnable": false,
                            "VAlignment": "Middle",
                            "BackgroundType": "None",
                            "StringID": "MotionUpdates",
                            "MarginBottom": 4,
                            "Visible": true,
                            "BorderType": "None",
                            "MarginLeft": 4
                        }
                    },
                    {
                        "hidden": false,
                        "locked": false,
                        "type": "ButtonWidget",
                        "properties": {
                            "HAlignment": "Center",
                            "Pressed": false,
                            "Scheme": "",
                            "ImageMargin": 10,
                            "Size": {
                                "Height": 30,
                                "Width": 55
                            },
                            "Toggleable": false,
                            "MarginTop": 4,
                            "Name": "MotionNextButton",
                            "AlphaEnable": false,
                            "PressedEvent": true,
                            "VAlignment": "Middle",
                            "PressedImage": "",
                            "PressedOffset": 1,
                            "StringID": "Next",
                            "MarginBottom": 4,
                            "Visible": true,
                            "AlphaAmount": 255,
                            "Position": {
                                "X": 57,
                                "Y": 229
                            },
                            "ImagePosition": "LeftOf",
                            "MarginRight": 4,
                            "Enabled": true,
                            "ReleasedEvent": false,
                            "BackgroundType": "None",
                            "ReleasedImage": "",
                            "BorderType": "Bevel",
                            "MarginLeft": 4
                        },
                        "events": {
                            "ReleasedEvent": {
                                "mode": "DECLARE",
                                "pretty_name": "Released",
                                "name": "ReleasedEvent",
                                "enabled": "false"
                            },
                            "PressedEvent": {
                                "mode": "DECLARE",
                                "pretty_name": "Pressed",
                                "name": "PressedEvent",
                                "enabled": "true"
                            }
                        }
                    },
                    {
                        "hidden": false,
                        "locked": false,
                        "type": "ButtonWidget",
                        "properties": {
                            "HAlignment": "Center",
                            "Pressed": false,
                            "Scheme": "",
                            "ImageMargin": 10,
                            "Size": {
                                "Height": 30,
                                "Width": 55
                            },
                            "Toggleable": false,
                            "MarginTop": 4,
                            "Name": "MotionPlusButton",
                            "AlphaEnable": false,
                            "PressedEvent": true,
                            "VAlignment": "Middle",
                            "PressedImage": "",
                            "PressedOffset": 1,
                            "StringID": "Minus",
                            "MarginBottom": 4,
                            "Visible": true,
                            "AlphaAmount": 255,
                            "Position": {
                                "X": 1,
                                "Y": 133
                            },
                            "ImagePosition": "LeftOf",
                            "MarginRight": 4,
                            "Enabled": true,
                            "ReleasedEvent": false,
                            "BackgroundType": "None",
                            "ReleasedImage": "",
                            "BorderType": "Bevel",
                            "MarginLeft": 4
                        },
                        "events": {
                            "ReleasedEvent": {
                                "mode": "DECLARE",
                                "pretty_name": "Released",
                                "name": "ReleasedEvent",
                                "enabled": "false"
                            },
                            "PressedEvent": {
                                "mode": "DECLARE",
                                "pretty_name": "Pressed",
                                "name": "PressedEvent",
                                "enabled": "true"
                            }
                        }
                    },
                    {
                        "hidden": false,
                        "locked": false,
                        "type": "ButtonWidget",
                        "properties": {
                            "HAlignment": "Center",
                            "Pressed": false,
                            "Scheme": "",
                            "ImageMargin": 10,
                            "Size": {
                                "Height": 30,
                                "Width": 55
                            },
                            "Toggleable": false,
                            "MarginTop": 4,
                            "Name": "MotionMinusButton",
                            "AlphaEnable": false,
                            "PressedEvent": true,
                            "VAlignment": "Middle",
                            "PressedImage": "",
                            "PressedOffset": 1,
                            "StringID": "Plus",
                            "MarginBottom": 4,
                            "Visible": true,
                            "AlphaAmount": 255,
                            "Position": {
                                "X": 57,
                                "Y": 133
                            },
                            "ImagePosition": "LeftOf",
                            "MarginRight": 4,
                            "Enabled": true,
                            "ReleasedEvent": false,
                            "BackgroundType": "None",
                            "ReleasedImage": "",
                            "BorderType": "Bevel",
                            "MarginLeft": 4
                        },
                        "events": {
                            "ReleasedEvent": {
                                "mode": "DECLARE",
                                "pretty_name": "Released",
                                "name": "ReleasedEvent",
                                "enabled": "false"
                            },
                            "PressedEvent": {
                                "mode": "DECLARE",
                                "pretty_name": "Pressed",
                                "name": "PressedEvent",
                                "enabled": "true"
                            }
                        }
                    },
                    {
                        "hidden": false,
                        "locked": false,
                        "type": "LabelWidget",
                        "properties": {
                            "HAlignment": "Left",
                            "Scheme": "",
                            "AlphaAmount": 255,
                            "Position": {
                                "X": 2,
                                "Y": 112
                            },
                            "Size": {
                                "Height": 19,
                                "Width": 38
                            },
                            "MarginRight": 4,
                            "Enabled": true,
                            "MarginTop": 4,
                            "Name": "MotionNumLabel",
                            "AlphaEnable": false,
                            "VAlignment": "Middle",
                            "BackgroundType": "None",
                            "StringID": "RectanglesNum",
                            "MarginBottom": 4,
                            "Visible": true,
                            "BorderType": "None",
                            "MarginLeft": 4
                        }
                    },
                    {
                        "hidden": false,
                        "locked": false,
                        "type": "LabelWidget",
                        "properties": {
                            "HAlignment": "Left",
                            "Scheme": "",
                            "AlphaAmount": 255,
                            "Position": {
                                "X": 44,
                                "Y": 114
                            },
                            "Size": {
                                "Height": 16,
                                "Width": 24
                            },
                            "MarginRight": 4,
                            "Enabled": true,
                            "MarginTop": 4,
                            "Name": "MotionRectCount",
                            "AlphaEnable": false,
                            "VAlignment": "Middle",
                            "BackgroundType": "None",
                            "StringID": "NumsTiny",
                            "MarginBottom": 4,
                            "Visible": true,
                            "BorderType": "None",
                            "MarginLeft": 4
                        }
                    },
                    {
                        "hidden": false,
                        "locked": false,
                        "type": "LabelWidget",
                        "properties": {
                            "HAlignment": "Left",
                            "Scheme": "",
                            "AlphaAmount": 255,
                            "Position": {
                                "X": 2,
                                "Y": 162
                            },
                            "Size": {
                                "Height": 22,
                                "Width": 38
                            },
                            "MarginRight": 4,
                            "Enabled": true,
                            "MarginTop": 4,
                            "Name": "MotionRectSizeLabel",
                            "AlphaEnable": false,
                            "VAlignment": "Middle",
                            "BackgroundType": "None",
                            "StringID": "Size",
                            "MarginBottom": 4,
                            "Visible": true,
                            "BorderType": "None",
                            "MarginLeft": 4
                        }
                    },
                    {
                        "hidden": false,
                        "locked": false,
                        "type": "LabelWidget",
                        "properties": {
                            "HAlignment": "Left",
                            "Scheme": "",
                            "AlphaAmount": 255,
                            "Position": {
                                "X": 44,
                                "Y": 167
                            },
                            "Size": {
                                "Height": 16,
                                "Width": 62
                            },
                            "MarginRight": 4,
                            "Enabled": true,
                            "MarginTop": 4,
                            "Name": "MotionRectSizeValue",
                            "AlphaEnable": false,
                            "VAlignment": "Middle",
                            "BackgroundType": "None",
                            "StringID": "NumsTiny",
                            "MarginBottom": 4,
                            "Visible": true,
                            "BorderType": "None",
                            "MarginLeft": 4
                        }
                    },
                    {
                        "hidden": false,
                        "locked": false,
                        "type": "ButtonWidget",
                        "properties": {
                            "HAlignment": "Center",
                            "Pressed": false,
                            "Scheme": "",
                            "ImageMargin": 10,
                            "Size": {
                                "Height": 30,
                                "Width": 55
                            },
                            "Toggleable": false,
                            "MarginTop": 4,
                            "Name": "MotionSizeDownButton",
                            "AlphaEnable": false,
                            "PressedEvent": true,
                            "VAlignment": "Middle",
                            "PressedImage": "",
                            "PressedOffset": 1,
                            "StringID": "Minus",
                            "MarginBottom": 4,
                            "Visible": true,
                            "AlphaAmount": 255,
                            "Position": {
                                "X": 1,
                                "Y": 184
                            },
                            "ImagePosition": "LeftOf",
                            "MarginRight": 4,
                            "Enabled": true,
                            "ReleasedEvent": false,
                            "BackgroundType": "None",
                            "ReleasedImage": "",
                            "BorderType": "Bevel",
                            "MarginLeft": 4
                        },
                        "events": {
                            "ReleasedEvent": {
                                "mode": "DECLARE",
                                "pretty_name": "Released",
                                "name": "ReleasedEvent",
                                "enabled": "false"
                            },
                            "PressedEvent": {
                                "mode": "DECLARE",
                                "pretty_name": "Pressed",
                                "name": "PressedEvent",
                                "enabled": "true"
                            }
                        }
                    },
                    {
                        "hidden": false,
                        "locked": false,
                        "type": "ButtonWidget",
                        "properties": {
                            "HAlignment": "Center",
                            "Pressed": false,
                            "Scheme": "",
                            "ImageMargin": 10,
                            "Size": {
                                "Height": 30,
                                "Width": 55
                            },
                            "Toggleable": false,
                            "MarginTop": 4,
                            "Name": "MotionSizeUpButton",
                            "AlphaEnable": false,
                            "PressedEvent": true,
                            "VAlignment": "Middle",
                            "PressedImage": "",
                            "PressedOffset": 1,
                            "StringID": "Plus",
                            "MarginBottom": 4,
                            "Visible": true,
                            "AlphaAmount": 255,
                            "Position": {
                                "X": 57,
                                "Y": 184
                            },
                            "ImagePosition": "LeftOf",
                            "MarginRight": 4,
                            "Enabled": true,
                            "ReleasedEvent": false,
                            "BackgroundType": "None",
                            "ReleasedImage": "",
                            "BorderType": "Bevel",
                            "MarginLeft": 4
                        },
                        "events": {
                            "ReleasedEvent": {
                                "mode": "DECLARE",
                                "pretty_name": "Released",
                                "name": "ReleasedEvent",
                                "enabled": "false"
                            },
                            "PressedEvent": {
                                "mode": "DECLARE",
                                "pretty_name": "Pressed",
                                "name": "PressedEvent",
                                "enabled": "true"
                            }
                        }
                    },
                    {
                        "hidden": false,
                        "locked": false,
                        "type": "ButtonWidget",
                        "properties": {
                            "HAlignment": "Center",
                            "Pressed": false,
                            "Scheme": "",
                            "ImageMargin": 10,
                            "Size": {
                                "Height": 30,
                                "Width": 105
                            },
                            "Toggleable": true,
                            "MarginTop": 4,
                            "Name": "MotionUpdateValue",
                            "AlphaEnable": false,
                            "PressedEvent": false,
                            "VAlignment": "Middle",
                            "PressedImage": "",
                            "PressedOffset": 1,
                            "StringID": "NumsLittle",
                            "MarginBottom": 4,
                            "Visible": true,
                            "AlphaAmount": 255,
                            "Position": {
                                "X": 4,
                                "Y": 39
                            },
                            "ImagePosition": "LeftOf",
                            "MarginRight": 4,
                            "Enabled": true,
                            "ReleasedEvent": false,
                            "BackgroundType": "None",
                            "ReleasedImage": "",
                            "BorderType": "Bevel",
                            "MarginLeft": 4
                        },
                        "events": {
                            "ReleasedEvent": {
                                "mode": "GENERATE",
                                "pretty_name": "Released",
                                "name": "ReleasedEvent",
                                "enabled": "false"
                            },
                            "PressedEvent": {
                                "mode": "GENERATE",
                                "pretty_name": "Pressed",
                                "name": "PressedEvent",
                                "enabled": "false"
                            }
                        }
                    }
                ],
                "locked": false,
                "type": "PanelWidget",
                "properties": {
                    "HAlignment": "Center",
                    "Scheme": "WhiteBackgroundScheme",
                    "AlphaAmount": 255,
                    "Position": {
                        "X": 359,
                        "Y": 8
                    },
                    "Size": {
                        "Height": 260,
                        "Width": 113
                    },
                    "MarginRight": 4,
                    "Enabled": true,
                    "MarginTop": 4,
                    "Name": "MotionSideContainer",
                    "AlphaEnable": false,
                    "VAlignment": "Middle",
                    "BackgroundType": "None",
                    "MarginBottom": 4,
                    "Visible": true,
                    "BorderType": "Line",
                    "MarginLeft": 4
                }
            }
        ],
        "locked": false,
        "type": "Layer",
        "properties": {
            "AlphaAmount": 255,
            "Visible": true,
            "Name": "Layer0",
            "AlphaEnable": false
        }
    }],
    "locked": false,
    "properties": {
        "Active": true,
        "CreateAtStartup": false,
        "Primary": false,
        "Visible": true,
        "Export": true,
        "Persistent": false,
        "HideEvent": true,
        "Name": "FPSMotion",
        "ShowEvent": true,
        "UpdateEvent": true
    },
    "events": {
        "HideEvent": {
            "mode": "DECLARE",
            "pretty_name": "On Hide",
            "name": "HideEvent",
            "enabled": "true"
        },
        "ShowEvent": {
            "mode": "DECLARE",
            "pretty_name": "On Show",
            "name": "ShowEvent",
            "enabled": "true"
        },
        "UpdateEvent": {
            "mode": "DECLARE",
            "pretty_name": "On Update",
            "name": "UpdateEvent",
            "enabled": "true"
        }
    }
}