{
    "sourceFileName": "ok2.png",
    "sourceFileFormat": "Raw",
    "folder": "/",
    "sourceFileWidth": 105,
    "sourceFileHeight": 91,
    "imageType": "Raw",
    "properties": {
        "OutputSize": {
            "Height": {
                "type": "INTEGER",
                "value": 91
            },
            "Width": {
                "type": "INTEGER",
                "value": 105
            }
        },
        "OutputMode": {
            "type": "TEXT",
            "value": "RGBA_8888"
        },
        "OutputFormat": {
            "type": "TEXT",
            "value": "RLE"
        },
        "UniquePalette": {
            "type": "BOOLEAN",
            "value": false
        },
        "MaskEnable": {
            "type": "BOOLEAN",
            "value": false
        },
        "Name": {
            "type": "TEXT",
            "value": "ok2"
        },
        "ImportSize": {
            "Height": {
                "type": "INTEGER",
                "value": 91
            },
            "Width": {
                "type": "INTEGER",
                "value": 105
            }
        },
        "MaskColor": {
            "Red": {
                "type": "FLOAT",
                "value": 0
            },
            "Gray": {
                "type": "FLOAT",
                "value": 0
            },
            "OutputMode": {
                "type": "TEXT",
                "value": "RGBA_8888"
            },
            "Blue": {
                "type": "FLOAT",
                "value": 0
            },
            "Alpha": {
                "type": "FLOAT",
                "value": 1
            },
            "type": "COLOR",
            "Green": {
                "type": "FLOAT",
                "value": 0
            }
        },
        "GeneratePalette": {
            "type": "BOOLEAN",
            "value": false
        },
        "BitsPerPixel": {
            "type": "INTEGER",
            "value": 4
        },
        "UniquePixelCount": {
            "type": "INTEGER",
            "value": 2770
        },
        "MemoryLocation": {
            "type": "MEMORY_LOC",
            "value": "Internal Flash"
        },
        "SizeBytes": {
            "type": "INTEGER",
            "value": 37412
        }
    }
}