{
    "sourceFileName": "Microchip_logo_150x30.bmp",
    "sourceFileFormat": "Raw",
    "folder": "/",
    "operations": [{
        "newSize": {
            "width": 120,
            "height": 24
        },
        "type": "Resize",
        "oldSize": {
            "width": 150,
            "height": 30
        }
    }],
    "sourceFileWidth": 150,
    "sourceFileHeight": 30,
    "imageType": "Raw",
    "properties": {
        "OutputSize": {
            "Height": {
                "type": "INTEGER",
                "value": 24
            },
            "Width": {
                "type": "INTEGER",
                "value": 120
            }
        },
        "OutputMode": {
            "type": "TEXT",
            "value": "RGB_565"
        },
        "OutputFormat": {
            "type": "TEXT",
            "value": "RLE"
        },
        "UniquePalette": {
            "type": "BOOLEAN",
            "value": false
        },
        "MaskEnable": {
            "type": "BOOLEAN",
            "value": true
        },
        "Name": {
            "type": "TEXT",
            "value": "Microchip_logo_150x30"
        },
        "ImportSize": {
            "Height": {
                "type": "INTEGER",
                "value": 30
            },
            "Width": {
                "type": "INTEGER",
                "value": 150
            }
        },
        "MaskColor": {
            "Red": {
                "type": "FLOAT",
                "value": 1
            },
            "Gray": {
                "type": "FLOAT",
                "value": 1
            },
            "OutputMode": {
                "type": "TEXT",
                "value": "RGB_565"
            },
            "Blue": {
                "type": "FLOAT",
                "value": 1
            },
            "Alpha": {
                "type": "FLOAT",
                "value": 1
            },
            "type": "COLOR",
            "Green": {
                "type": "FLOAT",
                "value": 1
            }
        },
        "GeneratePalette": {
            "type": "BOOLEAN",
            "value": false
        },
        "BitsPerPixel": {
            "type": "INTEGER",
            "value": 2
        },
        "UniquePixelCount": {
            "type": "INTEGER",
            "value": 171
        },
        "MemoryLocation": {
            "type": "MEMORY_LOC",
            "value": "Internal Flash"
        },
        "SizeBytes": {
            "type": "INTEGER",
            "value": 3918
        }
    }
}