{
    "sourceFileName": "GFX_mchp_logo_480x270.png",
    "sourceFileFormat": "Raw",
    "folder": "/",
    "sourceFileWidth": 480,
    "sourceFileHeight": 270,
    "imageType": "Raw",
    "properties": {
        "OutputSize": {
            "Height": 270,
            "Width": 480
        },
        "OutputMode": "RGB_565",
        "OutputFormat": "Raw",
        "UniquePalette": false,
        "MaskEnable": true,
        "Name": "RAW_GFX_mchp_480x270",
        "ImportSize": {
            "Height": 270,
            "Width": 480
        },
        "MaskColor": {
            "Red": 0,
            "Gray": 0,
            "OutputMode": "RGB_565",
            "Blue": 0,
            "Alpha": 1,
            "Green": 0
        },
        "GeneratePalette": false,
        "BitsPerPixel": 2,
        "UniquePixelCount": 373,
        "MemoryLocation": "Internal Flash",
        "SizeBytes": 259200
    }
}