[
    {
        "name": "FPS",
        "language": 0,
        "font": "ArialTiny"
    },
    {
        "name": "Size",
        "language": 0,
        "font": "ArialNarrow"
    },
    {
        "name": "NumsTiny",
        "language": 0,
        "font": "ArialTiny"
    },
    {
        "name": "NumsSmall",
        "language": 0,
        "font": "ArialSmall"
    },
    {
        "name": "JPG24Bit",
        "language": 0,
        "font": "ArialTiny"
    },
    {
        "name": "Minus",
        "language": 0,
        "font": "ArialNarrowMed"
    },
    {
        "name": "GPUOff",
        "language": 0,
        "font": "ArialNarrow"
    },
    {
        "name": "NumsLarge",
        "language": 0,
        "font": "ArialLarge"
    },
    {
        "name": "Previous",
        "language": 0,
        "font": "ArialNarrowMed"
    },
    {
        "name": "FPSCountString",
        "language": 0,
        "font": "ArialNarrowMed"
    },
    {
        "name": "RawRLE565",
        "language": 0,
        "font": "ArialTiny"
    },
    {
        "name": "RefreshRateCount",
        "language": 0,
        "font": "ArialNarrowMed"
    },
    {
        "name": "Raw565",
        "language": 0,
        "font": "ArialTiny"
    },
    {
        "name": "NumsMed",
        "language": 0,
        "font": "ArialMed"
    },
    {
        "name": "GPUOn",
        "language": 0,
        "font": "ArialNarrow"
    },
    {
        "name": "Plus",
        "language": 0,
        "font": "ArialNarrowMed"
    },
    {
        "name": "DynamicString",
        "language": 0,
        "font": "ArialTitle"
    },
    {
        "name": "MotionUpdates",
        "language": 0,
        "font": "ArialTitle"
    },
    {
        "name": "ImageType",
        "language": 0,
        "font": "ArialNarrow"
    },
    {
        "name": "Next",
        "language": 0,
        "font": "ArialTiny"
    },
    {
        "name": "ave",
        "language": 0,
        "font": "ArialTinyAve"
    },
    {
        "name": "StringSize",
        "language": 0,
        "font": "ArialNarrow"
    },
    {
        "name": "PreProcessedBlit",
        "language": 0,
        "font": "ArialTiny"
    },
    {
        "name": "Fullscreen",
        "language": 0,
        "font": "ArialTiny"
    },
    {
        "name": "RefreshRate",
        "language": 0,
        "font": "ArialTiny"
    },
    {
        "name": "NextSymbol",
        "language": 0,
        "font": "ArialNarrowMed"
    },
    {
        "name": "NumsLittle",
        "language": 0,
        "font": "ArialLittle"
    },
    {
        "name": "PNG8888",
        "language": 0,
        "font": "ArialTiny"
    },
    {
        "name": "RectanglesNum",
        "language": 0,
        "font": "ArialNarrow"
    },
    {
        "name": "ImageRendering",
        "language": 0,
        "font": "ArialTitle"
    }
]