{
    "systemLocations": [
        {
            "properties": {
                "__categories": [
                    {
                        "expanded": true,
                        "id": "System Location Properties",
                        "visible": true
                    }
                ],
                "__groups": [
                ],
                "capacity": {
                    "enabled": true,
                    "type": "integer",
                    "value": 512000,
                    "visible": true
                },
                "id": {
                    "enabled": true,
                    "type": "uuid",
                    "value": "{0be7c010-e6f0-4093-ac21-bd5ad49aae19}",
                    "visible": true
                },
                "name": {
                    "enabled": true,
                    "type": "text",
                    "value": "Internal Flash",
                    "visible": true
                }
            }
        },
        {
            "properties": {
                "__categories": [
                    {
                        "expanded": true,
                        "id": "System Location Properties",
                        "visible": true
                    }
                ],
                "__groups": [
                ],
                "capacity": {
                    "enabled": true,
                    "type": "integer",
                    "value": 512000,
                    "visible": true
                },
                "id": {
                    "enabled": true,
                    "type": "uuid",
                    "value": "{177b7f9a-ebc7-48a5-8238-7f292dd7a725}",
                    "visible": true
                },
                "name": {
                    "enabled": true,
                    "type": "text",
                    "value": "Internal SRAM",
                    "visible": true
                }
            }
        }
    ],
    "userLocations": [
    ]
}
