{
    "hidden": false,
    "children": [{
        "hidden": false,
        "children": [
            {
                "hidden": false,
                "locked": false,
                "type": "PanelWidget",
                "properties": {
                    "HAlignment": "Center",
                    "Scheme": "LightRedBackgroundScheme",
                    "AlphaAmount": 255,
                    "Position": {
                        "X": 0,
                        "Y": 0
                    },
                    "Size": {
                        "Height": 320,
                        "Width": 480
                    },
                    "MarginRight": 4,
                    "Enabled": true,
                    "MarginTop": 4,
                    "Name": "FPSBackground",
                    "AlphaEnable": false,
                    "VAlignment": "Middle",
                    "BackgroundType": "Fill",
                    "MarginBottom": 4,
                    "Visible": true,
                    "BorderType": "None",
                    "MarginLeft": 4
                }
            },
            {
                "hidden": false,
                "locked": false,
                "type": "LabelWidget",
                "properties": {
                    "HAlignment": "Center",
                    "Scheme": "",
                    "AlphaAmount": 255,
                    "Position": {
                        "X": 0,
                        "Y": 70
                    },
                    "Size": {
                        "Height": 134,
                        "Width": 353
                    },
                    "MarginRight": 4,
                    "Enabled": true,
                    "MarginTop": 4,
                    "Name": "FPSCounterValue",
                    "AlphaEnable": false,
                    "VAlignment": "Middle",
                    "BackgroundType": "None",
                    "StringID": "NumsLarge",
                    "MarginBottom": 4,
                    "Visible": true,
                    "BorderType": "None",
                    "MarginLeft": 4
                }
            },
            {
                "hidden": false,
                "children": [
                    {
                        "hidden": false,
                        "locked": false,
                        "type": "LabelWidget",
                        "properties": {
                            "HAlignment": "Left",
                            "Scheme": "",
                            "AlphaAmount": 255,
                            "Position": {
                                "X": 1,
                                "Y": 22
                            },
                            "Size": {
                                "Height": 25,
                                "Width": 106
                            },
                            "MarginRight": 4,
                            "Enabled": true,
                            "MarginTop": 4,
                            "Name": "FPSUpdateLabel",
                            "AlphaEnable": false,
                            "VAlignment": "Middle",
                            "BackgroundType": "None",
                            "StringID": "FPS",
                            "MarginBottom": 4,
                            "Visible": true,
                            "BorderType": "None",
                            "MarginLeft": 4
                        }
                    },
                    {
                        "hidden": false,
                        "locked": false,
                        "type": "LabelWidget",
                        "properties": {
                            "HAlignment": "Left",
                            "Scheme": "",
                            "AlphaAmount": 255,
                            "Position": {
                                "X": 1,
                                "Y": 72
                            },
                            "Size": {
                                "Height": 23,
                                "Width": 109
                            },
                            "MarginRight": 4,
                            "Enabled": true,
                            "MarginTop": 4,
                            "Name": "FPSRefreshLabel",
                            "AlphaEnable": false,
                            "VAlignment": "Middle",
                            "BackgroundType": "None",
                            "StringID": "RefreshRate",
                            "MarginBottom": 4,
                            "Visible": true,
                            "BorderType": "None",
                            "MarginLeft": 4
                        }
                    },
                    {
                        "hidden": false,
                        "locked": false,
                        "type": "LabelWidget",
                        "properties": {
                            "HAlignment": "Center",
                            "Scheme": "",
                            "AlphaAmount": 255,
                            "Position": {
                                "X": 4,
                                "Y": 94
                            },
                            "Size": {
                                "Height": 28,
                                "Width": 101
                            },
                            "MarginRight": 4,
                            "Enabled": true,
                            "MarginTop": 4,
                            "Name": "FPSRefreshValue",
                            "AlphaEnable": false,
                            "VAlignment": "Middle",
                            "BackgroundType": "None",
                            "StringID": "NumsLittle",
                            "MarginBottom": 4,
                            "Visible": true,
                            "BorderType": "None",
                            "MarginLeft": 4
                        }
                    },
                    {
                        "hidden": false,
                        "locked": false,
                        "type": "ButtonWidget",
                        "properties": {
                            "HAlignment": "Center",
                            "Pressed": false,
                            "Scheme": "",
                            "ImageMargin": 10,
                            "Size": {
                                "Height": 30,
                                "Width": 55
                            },
                            "Toggleable": false,
                            "MarginTop": 4,
                            "Name": "FPSCounterSizeDown",
                            "AlphaEnable": false,
                            "PressedEvent": true,
                            "VAlignment": "Middle",
                            "PressedImage": "",
                            "PressedOffset": 1,
                            "StringID": "Minus",
                            "MarginBottom": 4,
                            "Visible": true,
                            "AlphaAmount": 255,
                            "Position": {
                                "X": 1,
                                "Y": 148
                            },
                            "ImagePosition": "LeftOf",
                            "MarginRight": 4,
                            "Enabled": true,
                            "ReleasedEvent": false,
                            "BackgroundType": "None",
                            "ReleasedImage": "",
                            "BorderType": "Bevel",
                            "MarginLeft": 4
                        },
                        "events": {
                            "ReleasedEvent": {
                                "mode": "DECLARE",
                                "pretty_name": "Released",
                                "name": "ReleasedEvent",
                                "enabled": "false"
                            },
                            "PressedEvent": {
                                "mode": "DECLARE",
                                "pretty_name": "Pressed",
                                "name": "PressedEvent",
                                "enabled": "true"
                            }
                        }
                    },
                    {
                        "hidden": false,
                        "locked": false,
                        "type": "ButtonWidget",
                        "properties": {
                            "HAlignment": "Center",
                            "Pressed": false,
                            "Scheme": "",
                            "ImageMargin": 10,
                            "Size": {
                                "Height": 30,
                                "Width": 55
                            },
                            "Toggleable": false,
                            "MarginTop": 4,
                            "Name": "FPSCounterSizeUp",
                            "AlphaEnable": false,
                            "PressedEvent": true,
                            "VAlignment": "Middle",
                            "PressedImage": "",
                            "PressedOffset": 1,
                            "StringID": "Plus",
                            "MarginBottom": 4,
                            "Visible": true,
                            "AlphaAmount": 255,
                            "Position": {
                                "X": 57,
                                "Y": 148
                            },
                            "ImagePosition": "LeftOf",
                            "MarginRight": 4,
                            "Enabled": true,
                            "ReleasedEvent": false,
                            "BackgroundType": "None",
                            "ReleasedImage": "",
                            "BorderType": "Bevel",
                            "MarginLeft": 4
                        },
                        "events": {
                            "ReleasedEvent": {
                                "mode": "DECLARE",
                                "pretty_name": "Released",
                                "name": "ReleasedEvent",
                                "enabled": "false"
                            },
                            "PressedEvent": {
                                "mode": "DECLARE",
                                "pretty_name": "Pressed",
                                "name": "PressedEvent",
                                "enabled": "true"
                            }
                        }
                    },
                    {
                        "hidden": false,
                        "locked": false,
                        "type": "LabelWidget",
                        "properties": {
                            "HAlignment": "Center",
                            "Scheme": "",
                            "AlphaAmount": 255,
                            "Position": {
                                "X": 2,
                                "Y": 2
                            },
                            "Size": {
                                "Height": 25,
                                "Width": 109
                            },
                            "MarginRight": 4,
                            "Enabled": true,
                            "MarginTop": 4,
                            "Name": "FPSContainerTitle",
                            "AlphaEnable": false,
                            "VAlignment": "Middle",
                            "BackgroundType": "None",
                            "StringID": "DynamicString",
                            "MarginBottom": 4,
                            "Visible": true,
                            "BorderType": "None",
                            "MarginLeft": 4
                        }
                    },
                    {
                        "hidden": false,
                        "locked": false,
                        "type": "ButtonWidget",
                        "properties": {
                            "HAlignment": "Center",
                            "Pressed": false,
                            "Scheme": "",
                            "ImageMargin": 10,
                            "Size": {
                                "Height": 30,
                                "Width": 55
                            },
                            "Toggleable": false,
                            "MarginTop": 4,
                            "Name": "FPSNextButton",
                            "AlphaEnable": false,
                            "PressedEvent": true,
                            "VAlignment": "Middle",
                            "PressedImage": "",
                            "PressedOffset": 1,
                            "StringID": "Next",
                            "MarginBottom": 4,
                            "Visible": true,
                            "AlphaAmount": 255,
                            "Position": {
                                "X": 57,
                                "Y": 229
                            },
                            "ImagePosition": "LeftOf",
                            "MarginRight": 4,
                            "Enabled": true,
                            "ReleasedEvent": false,
                            "BackgroundType": "None",
                            "ReleasedImage": "",
                            "BorderType": "Bevel",
                            "MarginLeft": 4
                        },
                        "events": {
                            "ReleasedEvent": {
                                "mode": "DECLARE",
                                "pretty_name": "Released",
                                "name": "ReleasedEvent",
                                "enabled": "false"
                            },
                            "PressedEvent": {
                                "mode": "DECLARE",
                                "pretty_name": "Pressed",
                                "name": "PressedEvent",
                                "enabled": "true"
                            }
                        }
                    },
                    {
                        "hidden": false,
                        "locked": false,
                        "type": "LabelWidget",
                        "properties": {
                            "HAlignment": "Center",
                            "Scheme": "",
                            "AlphaAmount": 255,
                            "Position": {
                                "X": 68,
                                "Y": 123
                            },
                            "Size": {
                                "Height": 25,
                                "Width": 24
                            },
                            "MarginRight": 4,
                            "Enabled": true,
                            "MarginTop": 4,
                            "Name": "FPSStringSize",
                            "AlphaEnable": false,
                            "VAlignment": "Middle",
                            "BackgroundType": "None",
                            "StringID": "NumsLittle",
                            "MarginBottom": 4,
                            "Visible": true,
                            "BorderType": "None",
                            "MarginLeft": 4
                        }
                    },
                    {
                        "hidden": false,
                        "locked": false,
                        "type": "LabelWidget",
                        "properties": {
                            "HAlignment": "Left",
                            "Scheme": "",
                            "AlphaAmount": 255,
                            "Position": {
                                "X": 2,
                                "Y": 121
                            },
                            "Size": {
                                "Height": 25,
                                "Width": 64
                            },
                            "MarginRight": 4,
                            "Enabled": true,
                            "MarginTop": 4,
                            "Name": "FPSSizeLabel",
                            "AlphaEnable": false,
                            "VAlignment": "Middle",
                            "BackgroundType": "None",
                            "StringID": "Size",
                            "MarginBottom": 4,
                            "Visible": true,
                            "BorderType": "None",
                            "MarginLeft": 4
                        }
                    }
                ],
                "locked": false,
                "type": "PanelWidget",
                "properties": {
                    "HAlignment": "Center",
                    "Scheme": "WhiteBackgroundScheme",
                    "AlphaAmount": 255,
                    "Position": {
                        "X": 359,
                        "Y": 8
                    },
                    "Size": {
                        "Height": 260,
                        "Width": 113
                    },
                    "MarginRight": 4,
                    "Enabled": true,
                    "MarginTop": 4,
                    "Name": "FPSSideContainer",
                    "AlphaEnable": false,
                    "VAlignment": "Middle",
                    "BackgroundType": "None",
                    "MarginBottom": 4,
                    "Visible": true,
                    "BorderType": "Line",
                    "MarginLeft": 4
                }
            },
            {
                "hidden": false,
                "locked": false,
                "type": "ButtonWidget",
                "properties": {
                    "HAlignment": "Center",
                    "Pressed": false,
                    "Scheme": "",
                    "ImageMargin": 10,
                    "Size": {
                        "Height": 30,
                        "Width": 107
                    },
                    "Toggleable": true,
                    "MarginTop": 4,
                    "Name": "FPSUpdateValue",
                    "AlphaEnable": false,
                    "PressedEvent": false,
                    "VAlignment": "Middle",
                    "PressedImage": "",
                    "PressedOffset": 1,
                    "StringID": "NumsLittle",
                    "MarginBottom": 4,
                    "Visible": true,
                    "AlphaAmount": 255,
                    "Position": {
                        "X": 362,
                        "Y": 50
                    },
                    "ImagePosition": "LeftOf",
                    "MarginRight": 4,
                    "Enabled": true,
                    "ReleasedEvent": false,
                    "BackgroundType": "None",
                    "ReleasedImage": "",
                    "BorderType": "Bevel",
                    "MarginLeft": 4
                },
                "events": {
                    "ReleasedEvent": {
                        "mode": "GENERATE",
                        "pretty_name": "Released",
                        "name": "ReleasedEvent",
                        "enabled": "false"
                    },
                    "PressedEvent": {
                        "mode": "GENERATE",
                        "pretty_name": "Pressed",
                        "name": "PressedEvent",
                        "enabled": "false"
                    }
                }
            }
        ],
        "locked": false,
        "type": "Layer",
        "properties": {
            "AlphaAmount": 255,
            "Visible": true,
            "Name": "Layer0",
            "AlphaEnable": false
        }
    }],
    "locked": false,
    "properties": {
        "Active": false,
        "CreateAtStartup": false,
        "Primary": false,
        "Visible": true,
        "Export": true,
        "Persistent": false,
        "HideEvent": true,
        "Name": "FPSCounters",
        "ShowEvent": true,
        "UpdateEvent": true
    },
    "events": {
        "HideEvent": {
            "mode": "DECLARE",
            "pretty_name": "On Hide",
            "name": "HideEvent",
            "enabled": "true"
        },
        "ShowEvent": {
            "mode": "DECLARE",
            "pretty_name": "On Show",
            "name": "ShowEvent",
            "enabled": "true"
        },
        "UpdateEvent": {
            "mode": "DECLARE",
            "pretty_name": "On Update",
            "name": "UpdateEvent",
            "enabled": "true"
        }
    }
}