{
    "hidden": false,
    "children": [{
        "hidden": false,
        "children": [
            {
                "hidden": false,
                "locked": false,
                "type": "PanelWidget",
                "properties": {
                    "HAlignment": "Center",
                    "Scheme": "WhiteFillScheme",
                    "AlphaAmount": 255,
                    "Position": {
                        "X": 0,
                        "Y": 0
                    },
                    "Size": {
                        "Height": 320,
                        "Width": 480
                    },
                    "MarginRight": 4,
                    "Enabled": true,
                    "MarginTop": 4,
                    "Name": "ImageBackground",
                    "AlphaEnable": false,
                    "VAlignment": "Middle",
                    "BackgroundType": "Fill",
                    "MarginBottom": 4,
                    "Visible": true,
                    "BorderType": "None",
                    "MarginLeft": 4
                }
            },
            {
                "hidden": false,
                "locked": false,
                "type": "ImageWidget",
                "properties": {
                    "HAlignment": "Left",
                    "Scheme": "",
                    "AlphaAmount": 255,
                    "Position": {
                        "X": 0,
                        "Y": 0
                    },
                    "Size": {
                        "Height": 320,
                        "Width": 480
                    },
                    "MarginRight": 4,
                    "Enabled": true,
                    "MarginTop": 4,
                    "Image": "",
                    "Name": "ImageRenderArea",
                    "AlphaEnable": false,
                    "VAlignment": "Top",
                    "BackgroundType": "None",
                    "MarginBottom": 4,
                    "Visible": true,
                    "BorderType": "None",
                    "MarginLeft": 4
                }
            },
            {
                "hidden": false,
                "children": [
                    {
                        "hidden": false,
                        "locked": false,
                        "type": "LabelWidget",
                        "properties": {
                            "HAlignment": "Left",
                            "Scheme": "",
                            "AlphaAmount": 255,
                            "Position": {
                                "X": 1,
                                "Y": 22
                            },
                            "Size": {
                                "Height": 19,
                                "Width": 110
                            },
                            "MarginRight": 4,
                            "Enabled": true,
                            "MarginTop": 4,
                            "Name": "ImageUpdateLabel",
                            "AlphaEnable": false,
                            "VAlignment": "Middle",
                            "BackgroundType": "None",
                            "StringID": "FPS",
                            "MarginBottom": 4,
                            "Visible": true,
                            "BorderType": "None",
                            "MarginLeft": 4
                        }
                    },
                    {
                        "hidden": false,
                        "locked": false,
                        "type": "LabelWidget",
                        "properties": {
                            "HAlignment": "Left",
                            "Scheme": "",
                            "AlphaAmount": 255,
                            "Position": {
                                "X": 1,
                                "Y": 68
                            },
                            "Size": {
                                "Height": 18,
                                "Width": 109
                            },
                            "MarginRight": 4,
                            "Enabled": true,
                            "MarginTop": 4,
                            "Name": "ImageRefreshLabel",
                            "AlphaEnable": false,
                            "VAlignment": "Middle",
                            "BackgroundType": "None",
                            "StringID": "RefreshRate",
                            "MarginBottom": 4,
                            "Visible": true,
                            "BorderType": "None",
                            "MarginLeft": 4
                        }
                    },
                    {
                        "hidden": false,
                        "locked": false,
                        "type": "LabelWidget",
                        "properties": {
                            "HAlignment": "Center",
                            "Scheme": "",
                            "AlphaAmount": 255,
                            "Position": {
                                "X": 7,
                                "Y": 89
                            },
                            "Size": {
                                "Height": 24,
                                "Width": 101
                            },
                            "MarginRight": 4,
                            "Enabled": true,
                            "MarginTop": 4,
                            "Name": "ImageRefreshValue",
                            "AlphaEnable": false,
                            "VAlignment": "Middle",
                            "BackgroundType": "None",
                            "StringID": "NumsLittle",
                            "MarginBottom": 4,
                            "Visible": true,
                            "BorderType": "None",
                            "MarginLeft": 4
                        }
                    },
                    {
                        "hidden": false,
                        "locked": false,
                        "type": "LabelWidget",
                        "properties": {
                            "HAlignment": "Center",
                            "Scheme": "",
                            "AlphaAmount": 255,
                            "Position": {
                                "X": 0,
                                "Y": 2
                            },
                            "Size": {
                                "Height": 25,
                                "Width": 111
                            },
                            "MarginRight": 4,
                            "Enabled": true,
                            "MarginTop": 4,
                            "Name": "ImageContainerTitle",
                            "AlphaEnable": false,
                            "VAlignment": "Middle",
                            "BackgroundType": "None",
                            "StringID": "ImageRendering",
                            "MarginBottom": 4,
                            "Visible": true,
                            "BorderType": "None",
                            "MarginLeft": 4
                        }
                    },
                    {
                        "hidden": false,
                        "locked": false,
                        "type": "ButtonWidget",
                        "properties": {
                            "HAlignment": "Center",
                            "Pressed": false,
                            "Scheme": "",
                            "ImageMargin": 10,
                            "Size": {
                                "Height": 30,
                                "Width": 55
                            },
                            "Toggleable": false,
                            "MarginTop": 4,
                            "Name": "ImageNextButton",
                            "AlphaEnable": false,
                            "PressedEvent": true,
                            "VAlignment": "Middle",
                            "PressedImage": "",
                            "PressedOffset": 1,
                            "StringID": "Next",
                            "MarginBottom": 4,
                            "Visible": false,
                            "AlphaAmount": 255,
                            "Position": {
                                "X": 57,
                                "Y": 226
                            },
                            "ImagePosition": "LeftOf",
                            "MarginRight": 4,
                            "Enabled": true,
                            "ReleasedEvent": false,
                            "BackgroundType": "None",
                            "ReleasedImage": "",
                            "BorderType": "Bevel",
                            "MarginLeft": 4
                        },
                        "events": {
                            "ReleasedEvent": {
                                "mode": "DECLARE",
                                "pretty_name": "Released",
                                "name": "ReleasedEvent",
                                "enabled": "false"
                            },
                            "PressedEvent": {
                                "mode": "DECLARE",
                                "pretty_name": "Pressed",
                                "name": "PressedEvent",
                                "enabled": "true"
                            }
                        }
                    },
                    {
                        "hidden": false,
                        "locked": false,
                        "type": "ButtonWidget",
                        "properties": {
                            "HAlignment": "Center",
                            "Pressed": false,
                            "Scheme": "",
                            "ImageMargin": 10,
                            "Size": {
                                "Height": 30,
                                "Width": 55
                            },
                            "Toggleable": false,
                            "MarginTop": 4,
                            "Name": "ImageSizeDownButton",
                            "AlphaEnable": false,
                            "PressedEvent": true,
                            "VAlignment": "Middle",
                            "PressedImage": "",
                            "PressedOffset": 1,
                            "StringID": "Minus",
                            "MarginBottom": 4,
                            "Visible": true,
                            "AlphaAmount": 255,
                            "Position": {
                                "X": 1,
                                "Y": 136
                            },
                            "ImagePosition": "LeftOf",
                            "MarginRight": 4,
                            "Enabled": true,
                            "ReleasedEvent": false,
                            "BackgroundType": "None",
                            "ReleasedImage": "",
                            "BorderType": "Bevel",
                            "MarginLeft": 4
                        },
                        "events": {
                            "ReleasedEvent": {
                                "mode": "DECLARE",
                                "pretty_name": "Released",
                                "name": "ReleasedEvent",
                                "enabled": "false"
                            },
                            "PressedEvent": {
                                "mode": "DECLARE",
                                "pretty_name": "Pressed",
                                "name": "PressedEvent",
                                "enabled": "true"
                            }
                        }
                    },
                    {
                        "hidden": false,
                        "locked": false,
                        "type": "ButtonWidget",
                        "properties": {
                            "HAlignment": "Center",
                            "Pressed": false,
                            "Scheme": "",
                            "ImageMargin": 10,
                            "Size": {
                                "Height": 30,
                                "Width": 55
                            },
                            "Toggleable": false,
                            "MarginTop": 4,
                            "Name": "ImageSizeUpButton",
                            "AlphaEnable": false,
                            "PressedEvent": true,
                            "VAlignment": "Middle",
                            "PressedImage": "",
                            "PressedOffset": 1,
                            "StringID": "Plus",
                            "MarginBottom": 4,
                            "Visible": true,
                            "AlphaAmount": 255,
                            "Position": {
                                "X": 57,
                                "Y": 136
                            },
                            "ImagePosition": "LeftOf",
                            "MarginRight": 4,
                            "Enabled": true,
                            "ReleasedEvent": false,
                            "BackgroundType": "None",
                            "ReleasedImage": "",
                            "BorderType": "Bevel",
                            "MarginLeft": 4
                        },
                        "events": {
                            "ReleasedEvent": {
                                "mode": "DECLARE",
                                "pretty_name": "Released",
                                "name": "ReleasedEvent",
                                "enabled": "false"
                            },
                            "PressedEvent": {
                                "mode": "DECLARE",
                                "pretty_name": "Pressed",
                                "name": "PressedEvent",
                                "enabled": "true"
                            }
                        }
                    },
                    {
                        "hidden": false,
                        "locked": false,
                        "type": "LabelWidget",
                        "properties": {
                            "HAlignment": "Left",
                            "Scheme": "",
                            "AlphaAmount": 255,
                            "Position": {
                                "X": 4,
                                "Y": 113
                            },
                            "Size": {
                                "Height": 19,
                                "Width": 33
                            },
                            "MarginRight": 4,
                            "Enabled": true,
                            "MarginTop": 4,
                            "Name": "ImageSizeLabel",
                            "AlphaEnable": false,
                            "VAlignment": "Middle",
                            "BackgroundType": "None",
                            "StringID": "Size",
                            "MarginBottom": 4,
                            "Visible": true,
                            "BorderType": "None",
                            "MarginLeft": 4
                        }
                    },
                    {
                        "hidden": false,
                        "locked": false,
                        "type": "LabelWidget",
                        "properties": {
                            "HAlignment": "Left",
                            "Scheme": "",
                            "AlphaAmount": 255,
                            "Position": {
                                "X": 35,
                                "Y": 112
                            },
                            "Size": {
                                "Height": 23,
                                "Width": 75
                            },
                            "MarginRight": 4,
                            "Enabled": true,
                            "MarginTop": 4,
                            "Name": "ImageSizeValue",
                            "AlphaEnable": false,
                            "VAlignment": "Middle",
                            "BackgroundType": "None",
                            "StringID": "NumsTiny",
                            "MarginBottom": 4,
                            "Visible": true,
                            "BorderType": "None",
                            "MarginLeft": 4
                        }
                    },
                    {
                        "hidden": false,
                        "locked": false,
                        "type": "LabelWidget",
                        "properties": {
                            "HAlignment": "Left",
                            "Scheme": "",
                            "AlphaAmount": 255,
                            "Position": {
                                "X": 4,
                                "Y": 168
                            },
                            "Size": {
                                "Height": 19,
                                "Width": 39
                            },
                            "MarginRight": 4,
                            "Enabled": true,
                            "MarginTop": 4,
                            "Name": "ImageTypeLabel",
                            "AlphaEnable": false,
                            "VAlignment": "Middle",
                            "BackgroundType": "None",
                            "StringID": "ImageType",
                            "MarginBottom": 4,
                            "Visible": true,
                            "BorderType": "None",
                            "MarginLeft": 4
                        }
                    },
                    {
                        "hidden": false,
                        "locked": false,
                        "type": "LabelWidget",
                        "properties": {
                            "HAlignment": "Left",
                            "Scheme": "",
                            "AlphaAmount": 255,
                            "Position": {
                                "X": 38,
                                "Y": 168
                            },
                            "Size": {
                                "Height": 23,
                                "Width": 74
                            },
                            "MarginRight": 4,
                            "Enabled": true,
                            "MarginTop": 4,
                            "Name": "ImageTypeValue",
                            "AlphaEnable": false,
                            "VAlignment": "Middle",
                            "BackgroundType": "None",
                            "StringID": "NumsTiny",
                            "MarginBottom": 4,
                            "Visible": true,
                            "BorderType": "None",
                            "MarginLeft": 4
                        }
                    },
                    {
                        "hidden": false,
                        "locked": false,
                        "type": "ButtonWidget",
                        "properties": {
                            "HAlignment": "Center",
                            "Pressed": false,
                            "Scheme": "",
                            "ImageMargin": 10,
                            "Size": {
                                "Height": 30,
                                "Width": 55
                            },
                            "Toggleable": false,
                            "MarginTop": 4,
                            "Name": "ImageTypePrevButton",
                            "AlphaEnable": false,
                            "PressedEvent": true,
                            "VAlignment": "Middle",
                            "PressedImage": "",
                            "PressedOffset": 1,
                            "StringID": "Previous",
                            "MarginBottom": 4,
                            "Visible": true,
                            "AlphaAmount": 255,
                            "Position": {
                                "X": 1,
                                "Y": 192
                            },
                            "ImagePosition": "LeftOf",
                            "MarginRight": 4,
                            "Enabled": true,
                            "ReleasedEvent": false,
                            "BackgroundType": "None",
                            "ReleasedImage": "",
                            "BorderType": "Bevel",
                            "MarginLeft": 4
                        },
                        "events": {
                            "ReleasedEvent": {
                                "mode": "DECLARE",
                                "pretty_name": "Released",
                                "name": "ReleasedEvent",
                                "enabled": "false"
                            },
                            "PressedEvent": {
                                "mode": "DECLARE",
                                "pretty_name": "Pressed",
                                "name": "PressedEvent",
                                "enabled": "true"
                            }
                        }
                    },
                    {
                        "hidden": false,
                        "locked": false,
                        "type": "ButtonWidget",
                        "properties": {
                            "HAlignment": "Center",
                            "Pressed": false,
                            "Scheme": "",
                            "ImageMargin": 10,
                            "Size": {
                                "Height": 30,
                                "Width": 55
                            },
                            "Toggleable": false,
                            "MarginTop": 4,
                            "Name": "ImageTypeNextButton",
                            "AlphaEnable": false,
                            "PressedEvent": true,
                            "VAlignment": "Middle",
                            "PressedImage": "",
                            "PressedOffset": 1,
                            "StringID": "NextSymbol",
                            "MarginBottom": 4,
                            "Visible": true,
                            "AlphaAmount": 255,
                            "Position": {
                                "X": 57,
                                "Y": 192
                            },
                            "ImagePosition": "LeftOf",
                            "MarginRight": 4,
                            "Enabled": true,
                            "ReleasedEvent": false,
                            "BackgroundType": "None",
                            "ReleasedImage": "",
                            "BorderType": "Bevel",
                            "MarginLeft": 4
                        },
                        "events": {
                            "ReleasedEvent": {
                                "mode": "DECLARE",
                                "pretty_name": "Released",
                                "name": "ReleasedEvent",
                                "enabled": "false"
                            },
                            "PressedEvent": {
                                "mode": "DECLARE",
                                "pretty_name": "Pressed",
                                "name": "PressedEvent",
                                "enabled": "true"
                            }
                        }
                    },
                    {
                        "hidden": false,
                        "locked": false,
                        "type": "ButtonWidget",
                        "properties": {
                            "HAlignment": "Center",
                            "Pressed": false,
                            "Scheme": "",
                            "ImageMargin": 10,
                            "Size": {
                                "Height": 31,
                                "Width": 107
                            },
                            "Toggleable": true,
                            "MarginTop": 4,
                            "Name": "ImageUpdateValue",
                            "AlphaEnable": false,
                            "PressedEvent": false,
                            "VAlignment": "Middle",
                            "PressedImage": "",
                            "PressedOffset": 1,
                            "StringID": "NumsLittle",
                            "MarginBottom": 4,
                            "Visible": true,
                            "AlphaAmount": 255,
                            "Position": {
                                "X": 5,
                                "Y": 39
                            },
                            "ImagePosition": "LeftOf",
                            "MarginRight": 4,
                            "Enabled": true,
                            "ReleasedEvent": false,
                            "BackgroundType": "None",
                            "ReleasedImage": "",
                            "BorderType": "Bevel",
                            "MarginLeft": 4
                        },
                        "events": {
                            "ReleasedEvent": {
                                "mode": "GENERATE",
                                "pretty_name": "Released",
                                "name": "ReleasedEvent",
                                "enabled": "false"
                            },
                            "PressedEvent": {
                                "mode": "GENERATE",
                                "pretty_name": "Pressed",
                                "name": "PressedEvent",
                                "enabled": "false"
                            }
                        }
                    }
                ],
                "locked": false,
                "type": "PanelWidget",
                "properties": {
                    "HAlignment": "Center",
                    "Scheme": "WhiteBackgroundScheme",
                    "AlphaAmount": 255,
                    "Position": {
                        "X": 359,
                        "Y": 8
                    },
                    "Size": {
                        "Height": 260,
                        "Width": 113
                    },
                    "MarginRight": 4,
                    "Enabled": true,
                    "MarginTop": 4,
                    "Name": "ImageSideContainer",
                    "AlphaEnable": false,
                    "VAlignment": "Middle",
                    "BackgroundType": "None",
                    "MarginBottom": 4,
                    "Visible": true,
                    "BorderType": "Line",
                    "MarginLeft": 4
                }
            }
        ],
        "locked": false,
        "type": "Layer",
        "properties": {
            "AlphaAmount": 255,
            "Visible": true,
            "Name": "Layer0",
            "AlphaEnable": false
        }
    }],
    "locked": false,
    "properties": {
        "Active": false,
        "CreateAtStartup": false,
        "Primary": false,
        "Visible": true,
        "Export": true,
        "Persistent": false,
        "HideEvent": true,
        "Name": "FPSImages",
        "ShowEvent": true,
        "UpdateEvent": true
    },
    "events": {
        "HideEvent": {
            "mode": "DECLARE",
            "pretty_name": "On Hide",
            "name": "HideEvent",
            "enabled": "true"
        },
        "ShowEvent": {
            "mode": "DECLARE",
            "pretty_name": "On Show",
            "name": "ShowEvent",
            "enabled": "true"
        },
        "UpdateEvent": {
            "mode": "DECLARE",
            "pretty_name": "On Update",
            "name": "UpdateEvent",
            "enabled": "true"
        }
    }
}