{
    "hidden": false,
    "children": [{
        "hidden": false,
        "children": [
            {
                "hidden": false,
                "locked": false,
                "type": "PanelWidget",
                "properties": {
                    "HAlignment": "Center",
                    "Scheme": "WhiteFillScheme",
                    "AlphaAmount": 255,
                    "Position": {
                        "X": 0,
                        "Y": 0
                    },
                    "Size": {
                        "Height": 320,
                        "Width": 480
                    },
                    "MarginRight": 4,
                    "Enabled": true,
                    "MarginTop": 4,
                    "Name": "SplashBackground",
                    "AlphaEnable": false,
                    "VAlignment": "Middle",
                    "BackgroundType": "Fill",
                    "MarginBottom": 4,
                    "Visible": true,
                    "BorderType": "None",
                    "MarginLeft": 4
                }
            },
            {
                "hidden": false,
                "locked": false,
                "type": "ImageWidget",
                "properties": {
                    "HAlignment": "Center",
                    "Scheme": "",
                    "AlphaAmount": 255,
                    "Position": {
                        "X": 120,
                        "Y": 40
                    },
                    "Size": {
                        "Height": 139,
                        "Width": 240
                    },
                    "MarginRight": 4,
                    "Enabled": true,
                    "MarginTop": 4,
                    "Image": "PIC32Logo",
                    "Name": "SplashPIC32Logo",
                    "AlphaEnable": false,
                    "VAlignment": "Middle",
                    "BackgroundType": "None",
                    "MarginBottom": 4,
                    "Visible": true,
                    "BorderType": "None",
                    "MarginLeft": 4
                }
            },
            {
                "hidden": false,
                "locked": false,
                "type": "ImageWidget",
                "properties": {
                    "HAlignment": "Center",
                    "Scheme": "WhiteBackgroundScheme",
                    "AlphaAmount": 255,
                    "Position": {
                        "X": 120,
                        "Y": 40
                    },
                    "Size": {
                        "Height": 139,
                        "Width": 240
                    },
                    "MarginRight": 4,
                    "Enabled": true,
                    "MarginTop": 4,
                    "Image": "HarmonyLogo",
                    "Name": "SplashHarmonyLogo",
                    "AlphaEnable": false,
                    "VAlignment": "Middle",
                    "BackgroundType": "Fill",
                    "MarginBottom": 4,
                    "Visible": false,
                    "BorderType": "None",
                    "MarginLeft": 4
                }
            },
            {
                "hidden": false,
                "locked": false,
                "type": "ImageWidget",
                "properties": {
                    "HAlignment": "Center",
                    "Scheme": "",
                    "AlphaAmount": 255,
                    "Position": {
                        "X": 480,
                        "Y": 255
                    },
                    "Size": {
                        "Height": 65,
                        "Width": 480
                    },
                    "MarginRight": 4,
                    "Enabled": true,
                    "MarginTop": 4,
                    "Image": "Bar",
                    "Name": "SplashBar",
                    "AlphaEnable": false,
                    "VAlignment": "Middle",
                    "BackgroundType": "None",
                    "MarginBottom": 4,
                    "Visible": true,
                    "BorderType": "None",
                    "MarginLeft": 4
                }
            },
            {
                "hidden": false,
                "locked": false,
                "type": "ImageWidget",
                "properties": {
                    "HAlignment": "Center",
                    "Scheme": "",
                    "AlphaAmount": 255,
                    "Position": {
                        "X": 17,
                        "Y": 273
                    },
                    "Size": {
                        "Height": 39,
                        "Width": 144
                    },
                    "MarginRight": 4,
                    "Enabled": true,
                    "MarginTop": 4,
                    "Image": "MicrochipLogo",
                    "Name": "SplashMicrochipLogo",
                    "AlphaEnable": false,
                    "VAlignment": "Middle",
                    "BackgroundType": "None",
                    "MarginBottom": 4,
                    "Visible": false,
                    "BorderType": "None",
                    "MarginLeft": 4
                }
            }
        ],
        "locked": false,
        "type": "Layer",
        "properties": {
            "AlphaAmount": 255,
            "Visible": true,
            "Name": "Layer0",
            "AlphaEnable": false
        }
    }],
    "locked": false,
    "properties": {
        "Active": false,
        "CreateAtStartup": false,
        "Primary": true,
        "Visible": true,
        "Export": true,
        "Persistent": false,
        "HideEvent": true,
        "Name": "SplashScreen",
        "ShowEvent": true,
        "UpdateEvent": true
    },
    "events": {
        "HideEvent": {
            "mode": "DECLARE",
            "pretty_name": "On Hide",
            "name": "HideEvent",
            "enabled": "true"
        },
        "ShowEvent": {
            "mode": "DECLARE",
            "pretty_name": "On Show",
            "name": "ShowEvent",
            "enabled": "true"
        },
        "UpdateEvent": {
            "mode": "DECLARE",
            "pretty_name": "On Update",
            "name": "UpdateEvent",
            "enabled": "true"
        }
    }
}