{
    "sourceFileName": "GFX_mplab_200x200.png",
    "sourceFileFormat": "Raw",
    "folder": "/",
    "sourceFileWidth": 200,
    "sourceFileHeight": 200,
    "imageType": "Raw",
    "properties": {
        "OutputSize": {
            "Height": 200,
            "Width": 200
        },
        "OutputMode": "RGB_565",
        "OutputFormat": "Raw",
        "UniquePalette": false,
        "MaskEnable": true,
        "Name": "RAW_GFX_mplab_200x200",
        "ImportSize": {
            "Height": 200,
            "Width": 200
        },
        "MaskColor": {
            "Red": 0,
            "Gray": 0,
            "OutputMode": "RGB_565",
            "Blue": 0,
            "Alpha": 1,
            "Green": 0
        },
        "GeneratePalette": false,
        "BitsPerPixel": 2,
        "UniquePixelCount": 95,
        "MemoryLocation": "Internal Flash",
        "SizeBytes": 80000
    }
}