{
    "hidden": false,
    "children": [{
        "hidden": false,
        "locked": false,
        "type": "Layer",
        "properties": {
            "AlphaAmount": 255,
            "Visible": true,
            "Name": "Layer0",
            "AlphaEnable": false
        }
    }],
    "locked": false,
    "properties": {
        "Active": true,
        "CreateAtStartup": false,
        "Primary": true,
        "Visible": true,
        "Export": true,
        "Persistent": false,
        "HideEvent": false,
        "Name": "Screen0",
        "ShowEvent": false,
        "UpdateEvent": false
    },
    "events": {
        "HideEvent": {
            "mode": "GENERATE",
            "pretty_name": "On Hide",
            "name": "HideEvent",
            "enabled": "false"
        },
        "ShowEvent": {
            "mode": "GENERATE",
            "pretty_name": "On Show",
            "name": "ShowEvent",
            "enabled": "false"
        },
        "UpdateEvent": {
            "mode": "GENERATE",
            "pretty_name": "On Update",
            "name": "UpdateEvent",
            "enabled": "false"
        }
    }
}