{
    "properties": {
        "__categories": [
            {
                "expanded": true,
                "id": "imageProperties",
                "visible": true
            }
        ],
        "__groups": [
        ],
        "id": {
            "enabled": true,
            "type": "uuid",
            "value": "{144b4240-a1e1-4f9c-8191-127a94de66f1}",
            "visible": true
        },
        "memoryLocation": {
            "enabled": true,
            "type": "memorylocation",
            "value": "{0be7c010-e6f0-4093-ac21-bd5ad49aae19}",
            "visible": true
        },
        "name": {
            "enabled": true,
            "type": "text",
            "value": "",
            "visible": true
        },
        "originalType": {
            "enabled": true,
            "type": "integer",
            "value": 0,
            "visible": true
        },
        "outputFormat": {
            "enabled": true,
            "type": "combo",
            "value": 0,
            "visible": true
        },
        "outputHeight": {
            "enabled": false,
            "type": "integer",
            "value": 139,
            "visible": true
        },
        "outputName": {
            "enabled": true,
            "type": "text",
            "value": "HarmonyLogo",
            "visible": true
        },
        "outputWidth": {
            "enabled": false,
            "type": "integer",
            "value": 197,
            "visible": true
        },
        "sourceBPP": {
            "enabled": false,
            "type": "integer",
            "value": 24,
            "visible": true
        },
        "sourceFormat": {
            "enabled": false,
            "type": "text",
            "value": "bmp",
            "visible": true
        },
        "sourceHeight": {
            "enabled": false,
            "type": "integer",
            "value": 139,
            "visible": true
        },
        "sourceName": {
            "enabled": false,
            "type": "text",
            "value": "HarmonyLogo",
            "visible": true
        },
        "sourceSize": {
            "enabled": false,
            "type": "integer",
            "value": 82342,
            "visible": true
        },
        "sourceWidth": {
            "enabled": false,
            "type": "integer",
            "value": 197,
            "visible": true
        }
    }
}
