{
    "defaultLanguage": 0,
    "stringTree": {"root": []},
    "languages": [{
        "name": "default",
        "enabled": true
    }],
    "strings": [
        {
            "folder": "/",
            "strings": ["String Updates"],
            "name": "DynamicString"
        },
        {
            "folder": "/",
            "strings": ["Frame Update (Hz)"],
            "name": "FPS"
        },
        {
            "folder": "/",
            "strings": ["9876543210"],
            "name": "FPSCountString"
        },
        {
            "folder": "/",
            "strings": ["FullScreen"],
            "name": "Fullscreen"
        },
        {
            "folder": "/",
            "strings": ["GPU Off"],
            "name": "GPUOff"
        },
        {
            "folder": "/",
            "strings": ["GPU On"],
            "name": "GPUOn"
        },
        {
            "folder": "/",
            "strings": ["Image Rendering"],
            "name": "ImageRendering"
        },
        {
            "folder": "/",
            "strings": ["Type:"],
            "name": "ImageType"
        },
        {
            "folder": "/",
            "strings": ["JPG (24-bit)"],
            "name": "JPG24Bit"
        },
        {
            "folder": "/",
            "strings": ["-"],
            "name": "Minus"
        },
        {
            "folder": "/",
            "strings": ["Motion Fill"],
            "name": "MotionUpdates"
        },
        {
            "folder": "/",
            "strings": ["Next"],
            "name": "Next"
        },
        {
            "folder": "/",
            "strings": [">"],
            "name": "NextSymbol"
        },
        {
            "folder": "/",
            "strings": ["0123456789"],
            "name": "NumsLarge"
        },
        {
            "folder": "/",
            "strings": ["0123456789 avgcurr-"],
            "name": "NumsLittle"
        },
        {
            "folder": "/",
            "strings": ["0123456789"],
            "name": "NumsMed"
        },
        {
            "folder": "/",
            "strings": ["0123456789"],
            "name": "NumsSmall"
        },
        {
            "folder": "/",
            "strings": ["0123456789x"],
            "name": "NumsTiny"
        },
        {
            "folder": "/",
            "strings": ["PNG8888"],
            "name": "PNG8888"
        },
        {
            "folder": "/",
            "strings": ["+"],
            "name": "Plus"
        },
        {
            "folder": "/",
            "strings": ["Pre-processed"],
            "name": "PreProcessedBlit"
        },
        {
            "folder": "/",
            "strings": ["<"],
            "name": "Previous"
        },
        {
            "folder": "/",
            "strings": ["Raw 16bit"],
            "name": "Raw565"
        },
        {
            "folder": "/",
            "strings": ["Raw RLE 16bit"],
            "name": "RawRLE565"
        },
        {
            "folder": "/",
            "strings": ["Num:"],
            "name": "RectanglesNum"
        },
        {
            "folder": "/",
            "strings": ["Display Refresh (Hz):"],
            "name": "RefreshRate"
        },
        {
            "folder": "/",
            "strings": ["7890123456"],
            "name": "RefreshRateCount"
        },
        {
            "folder": "/",
            "strings": ["Size:"],
            "name": "Size"
        },
        {
            "folder": "/",
            "strings": ["String Index:"],
            "name": "StringSize"
        },
        {
            "folder": "/",
            "strings": ["a"],
            "name": "ave"
        }
    ],
    "encoding": "ASCII"
}