{"defaultLanguage":0,"stringTree":{"root":[]},"languages":[{"name":"default","enabled":true}],"strings":[{"folder":"/","strings":["16-bit RGB565 Color Depth (65536 Colors)"],"name":"String_ColorDepth"},{"folder":"/","strings":["Demonstrated Features"],"name":"String_Demonstrated"},{"folder":"/","strings":["SAM E70 Xplained Ultra"],"name":"String_Device"},{"folder":"/","strings":["Widgets: Label, Button, Panel, Image, Image Sequence"],"name":"String_Features"},{"folder":"/","strings":["SSD1963 External Graphics Controller"],"name":"String_GfxController"},{"folder":"/","strings":["Next-Gen High Performance Library"],"name":"String_Library"},{"folder":"/","strings":["Press Here to Return"],"name":"String_PressHere"},{"folder":"/","strings":["WQVGA 480x272"],"name":"String_Resolution"}],"encoding":"ASCII"}