{
    "__categories": [
        {
            "expanded": true,
            "id": "png",
            "visible": true
        }
    ],
    "__groups": [
    ],
    "bitsPerPixel": {
        "enabled": false,
        "type": "integer",
        "value": 32,
        "visible": true
    },
    "colorMode": {
        "enabled": true,
        "type": "combo",
        "value": 1,
        "visible": true
    },
    "outputSize": {
        "enabled": false,
        "type": "integer",
        "value": 468,
        "visible": true
    },
    "pngCompression": {
        "enabled": true,
        "type": "combo",
        "value": 0,
        "visible": false
    }
}
