{
    "sourceFileName": "MicrochipLogo.bmp",
    "sourceFileFormat": "Raw",
    "folder": "/",
    "sourceFileWidth": 144,
    "sourceFileHeight": 39,
    "imageType": "Raw",
    "properties": {
        "OutputSize": {
            "Height": 39,
            "Width": 144
        },
        "OutputMode": "RGB_888",
        "OutputFormat": "Raw",
        "UniquePalette": false,
        "MaskEnable": false,
        "Name": "MicrochipLogo",
        "ImportSize": {
            "Height": 39,
            "Width": 144
        },
        "MaskColor": {
            "Red": 0,
            "Gray": 0,
            "OutputMode": "RGB_888",
            "Blue": 0,
            "Alpha": 255,
            "Green": 0
        },
        "GeneratePalette": false,
        "BitsPerPixel": 3,
        "UniquePixelCount": 234,
        "MemoryLocation": "Internal Flash",
        "SizeBytes": 16848
    }
}