{
    "__categories": [
        {
            "expanded": true,
            "id": "raw",
            "visible": true
        }
    ],
    "__groups": [
    ],
    "bitsPerPixel": {
        "enabled": false,
        "type": "integer",
        "value": 16,
        "visible": true
    },
    "colorCount": {
        "enabled": false,
        "type": "integer",
        "value": 540,
        "visible": true
    },
    "colorMaskMode": {
        "enabled": true,
        "type": "combo",
        "value": 1,
        "visible": true
    },
    "colorMode": {
        "enabled": true,
        "type": "combo",
        "value": 3,
        "visible": true
    },
    "maskColor": {
        "enabled": true,
        "image": "{3e53d3c9-6f0f-47c6-b78b-0f0ef33bbead}",
        "type": "imagecolor",
        "value": 0,
        "visible": true
    },
    "outputSize": {
        "enabled": false,
        "type": "integer",
        "value": 9910,
        "visible": true
    },
    "useRLE": {
        "enabled": true,
        "type": "boolean",
        "value": true,
        "visible": true
    }
}
