{
    "sourceFileName": "GFX_mchp_100x100.png",
    "sourceFileFormat": "Raw",
    "folder": "/",
    "sourceFileWidth": 100,
    "sourceFileHeight": 100,
    "imageType": "Raw",
    "properties": {
        "OutputSize": {
            "Height": 100,
            "Width": 100
        },
        "OutputMode": "RGB_565",
        "OutputFormat": "Raw",
        "UniquePalette": false,
        "MaskEnable": true,
        "Name": "RAW_GFX_mchp_100x100",
        "ImportSize": {
            "Height": 100,
            "Width": 100
        },
        "MaskColor": {
            "Red": 0,
            "Gray": 0,
            "OutputMode": "RGB_565",
            "Blue": 0,
            "Alpha": 1,
            "Green": 0
        },
        "GeneratePalette": false,
        "BitsPerPixel": 2,
        "UniquePixelCount": 185,
        "MemoryLocation": "Internal Flash",
        "SizeBytes": 20000
    }
}