{
    "__categories": [
        {
            "expanded": true,
            "id": "raw",
            "visible": true
        }
    ],
    "__groups": [
    ],
    "bitsPerPixel": {
        "enabled": false,
        "type": "integer",
        "value": 16,
        "visible": true
    },
    "colorCount": {
        "enabled": false,
        "type": "integer",
        "value": 70,
        "visible": true
    },
    "colorMaskMode": {
        "enabled": true,
        "type": "combo",
        "value": 0,
        "visible": true
    },
    "colorMode": {
        "enabled": true,
        "type": "combo",
        "value": 3,
        "visible": true
    },
    "maskColor": {
        "enabled": true,
        "image": "{56471758-6d62-44d1-bc9e-37ef65df54fb}",
        "type": "imagecolor",
        "value": 0,
        "visible": false
    },
    "outputSize": {
        "enabled": false,
        "type": "integer",
        "value": 1614,
        "visible": true
    },
    "useRLE": {
        "enabled": true,
        "type": "boolean",
        "value": true,
        "visible": true
    }
}
