{
    "ranges": [{
        "name": "Basic Latin",
        "start": 32,
        "end": 127
    }],
    "name": "NotoSans_Regular",
    "properties": {
        "Antialias": {
            "type": "BOOLEAN",
            "value": true
        },
        "Size": {
            "type": "INTEGER",
            "value": 20
        },
        "SourceName": {
            "type": "TEXT",
            "value": "NotoSans-Regular.ttf"
        },
        "MemoryLocation": {
            "type": "MEMORY_LOC",
            "value": "Internal Flash"
        },
        "Name": {
            "type": "TEXT",
            "value": "NotoSans_Regular"
        }
    }
}