{
    "bindings": [
        {
            "font": "{10789bfc-ebfa-4442-b250-9735cba285fe}",
            "language": "{9ed597e9-847d-46c8-8e47-6a56af2eaef0}",
            "string": "{4d538113-4b37-4108-8847-196fdd568124}"
        },
        {
            "font": "{10789bfc-ebfa-4442-b250-9735cba285fe}",
            "language": "{9ed597e9-847d-46c8-8e47-6a56af2eaef0}",
            "string": "{713a90d4-46d5-401b-a4bf-eb809a9711a6}"
        },
        {
            "font": "{10789bfc-ebfa-4442-b250-9735cba285fe}",
            "language": "{9ed597e9-847d-46c8-8e47-6a56af2eaef0}",
            "string": "{7e591802-a40a-4dd2-a7f1-9ea8e78f2ffb}"
        },
        {
            "font": "{10789bfc-ebfa-4442-b250-9735cba285fe}",
            "language": "{9ed597e9-847d-46c8-8e47-6a56af2eaef0}",
            "string": "{7ede7a5f-75b8-4a9d-b753-000486f799ac}"
        },
        {
            "font": "{10789bfc-ebfa-4442-b250-9735cba285fe}",
            "language": "{9ed597e9-847d-46c8-8e47-6a56af2eaef0}",
            "string": "{cd57a020-31a9-42f8-80d3-9e86c6c1d94b}"
        },
        {
            "font": "{10789bfc-ebfa-4442-b250-9735cba285fe}",
            "language": "{9ed597e9-847d-46c8-8e47-6a56af2eaef0}",
            "string": "{d7a83539-87c8-4829-8102-b42af650c61a}"
        },
        {
            "font": "{968994f1-4d15-4a95-a79a-923edd3609ff}",
            "language": "{9ed597e9-847d-46c8-8e47-6a56af2eaef0}",
            "string": "{3ce28820-dc3b-41df-9f00-bb157402dbc4}"
        },
        {
            "font": "{968994f1-4d15-4a95-a79a-923edd3609ff}",
            "language": "{9ed597e9-847d-46c8-8e47-6a56af2eaef0}",
            "string": "{f89f3b2d-5826-435a-b6ea-1b3fa7e745bc}"
        }
    ],
    "defaultLanguage": "{9ed597e9-847d-46c8-8e47-6a56af2eaef0}",
    "encoding": "ASCII",
    "languages": [
        {
            "properties": {
                "__categories": [
                ],
                "__groups": [
                ],
                "enabled": {
                    "enabled": true,
                    "type": "boolean",
                    "value": true,
                    "visible": true
                },
                "id": {
                    "enabled": true,
                    "type": "uuid",
                    "value": "{9ed597e9-847d-46c8-8e47-6a56af2eaef0}",
                    "visible": true
                },
                "name": {
                    "enabled": true,
                    "type": "text",
                    "value": "default",
                    "visible": true
                }
            }
        }
    ],
    "paths": [
    ],
    "strings": [
        {
            "properties": {
                "__categories": [
                ],
                "__groups": [
                ],
                "description": {
                    "enabled": true,
                    "type": "text",
                    "value": "",
                    "visible": true
                },
                "id": {
                    "enabled": true,
                    "type": "uuid",
                    "value": "{3ce28820-dc3b-41df-9f00-bb157402dbc4}",
                    "visible": true
                },
                "name": {
                    "enabled": true,
                    "type": "text",
                    "value": "String_Demonstrated",
                    "visible": true
                },
                "path": {
                    "enabled": true,
                    "type": "text",
                    "value": "/",
                    "visible": true
                }
            },
            "values": [
                {
                    "language": "{9ed597e9-847d-46c8-8e47-6a56af2eaef0}",
                    "value": "Demonstrated Features"
                }
            ]
        },
        {
            "properties": {
                "__categories": [
                ],
                "__groups": [
                ],
                "description": {
                    "enabled": true,
                    "type": "text",
                    "value": "",
                    "visible": true
                },
                "id": {
                    "enabled": true,
                    "type": "uuid",
                    "value": "{4d538113-4b37-4108-8847-196fdd568124}",
                    "visible": true
                },
                "name": {
                    "enabled": true,
                    "type": "text",
                    "value": "String_Features",
                    "visible": true
                },
                "path": {
                    "enabled": true,
                    "type": "text",
                    "value": "/",
                    "visible": true
                }
            },
            "values": [
                {
                    "language": "{9ed597e9-847d-46c8-8e47-6a56af2eaef0}",
                    "value": "Widgets: Label, Button, Panel, Image, Image Sequence"
                }
            ]
        },
        {
            "properties": {
                "__categories": [
                ],
                "__groups": [
                ],
                "description": {
                    "enabled": true,
                    "type": "text",
                    "value": "",
                    "visible": true
                },
                "id": {
                    "enabled": true,
                    "type": "uuid",
                    "value": "{713a90d4-46d5-401b-a4bf-eb809a9711a6}",
                    "visible": true
                },
                "name": {
                    "enabled": true,
                    "type": "text",
                    "value": "String_Library",
                    "visible": true
                },
                "path": {
                    "enabled": true,
                    "type": "text",
                    "value": "/",
                    "visible": true
                }
            },
            "values": [
                {
                    "language": "{9ed597e9-847d-46c8-8e47-6a56af2eaef0}",
                    "value": "Next-Gen High Performance Library"
                }
            ]
        },
        {
            "properties": {
                "__categories": [
                ],
                "__groups": [
                ],
                "description": {
                    "enabled": true,
                    "type": "text",
                    "value": "",
                    "visible": true
                },
                "id": {
                    "enabled": true,
                    "type": "uuid",
                    "value": "{7e591802-a40a-4dd2-a7f1-9ea8e78f2ffb}",
                    "visible": true
                },
                "name": {
                    "enabled": true,
                    "type": "text",
                    "value": "String_ColorDepth",
                    "visible": true
                },
                "path": {
                    "enabled": true,
                    "type": "text",
                    "value": "/",
                    "visible": true
                }
            },
            "values": [
                {
                    "language": "{9ed597e9-847d-46c8-8e47-6a56af2eaef0}",
                    "value": "16-bit RGB565 Color Depth (65536 Colors)"
                }
            ]
        },
        {
            "properties": {
                "__categories": [
                ],
                "__groups": [
                ],
                "description": {
                    "enabled": true,
                    "type": "text",
                    "value": "",
                    "visible": true
                },
                "id": {
                    "enabled": true,
                    "type": "uuid",
                    "value": "{7ede7a5f-75b8-4a9d-b753-000486f799ac}",
                    "visible": true
                },
                "name": {
                    "enabled": true,
                    "type": "text",
                    "value": "String_Device",
                    "visible": true
                },
                "path": {
                    "enabled": true,
                    "type": "text",
                    "value": "/",
                    "visible": true
                }
            },
            "values": [
                {
                    "language": "{9ed597e9-847d-46c8-8e47-6a56af2eaef0}",
                    "value": "PIC32 MZ EF Curiosity 2.0"
                }
            ]
        },
        {
            "properties": {
                "__categories": [
                ],
                "__groups": [
                ],
                "description": {
                    "enabled": true,
                    "type": "text",
                    "value": "",
                    "visible": true
                },
                "id": {
                    "enabled": true,
                    "type": "uuid",
                    "value": "{cd57a020-31a9-42f8-80d3-9e86c6c1d94b}",
                    "visible": true
                },
                "name": {
                    "enabled": true,
                    "type": "text",
                    "value": "String_Resolution",
                    "visible": true
                },
                "path": {
                    "enabled": true,
                    "type": "text",
                    "value": "/",
                    "visible": true
                }
            },
            "values": [
                {
                    "language": "{9ed597e9-847d-46c8-8e47-6a56af2eaef0}",
                    "value": "WQVGA 480x272"
                }
            ]
        },
        {
            "properties": {
                "__categories": [
                ],
                "__groups": [
                ],
                "description": {
                    "enabled": true,
                    "type": "text",
                    "value": "",
                    "visible": true
                },
                "id": {
                    "enabled": true,
                    "type": "uuid",
                    "value": "{d7a83539-87c8-4829-8102-b42af650c61a}",
                    "visible": true
                },
                "name": {
                    "enabled": true,
                    "type": "text",
                    "value": "String_GfxController",
                    "visible": true
                },
                "path": {
                    "enabled": true,
                    "type": "text",
                    "value": "/",
                    "visible": true
                }
            },
            "values": [
                {
                    "language": "{9ed597e9-847d-46c8-8e47-6a56af2eaef0}",
                    "value": "Low-Cost Controllerless Graphics"
                }
            ]
        },
        {
            "properties": {
                "__categories": [
                ],
                "__groups": [
                ],
                "description": {
                    "enabled": true,
                    "type": "text",
                    "value": "",
                    "visible": true
                },
                "id": {
                    "enabled": true,
                    "type": "uuid",
                    "value": "{f89f3b2d-5826-435a-b6ea-1b3fa7e745bc}",
                    "visible": true
                },
                "name": {
                    "enabled": true,
                    "type": "text",
                    "value": "String_PressHere",
                    "visible": true
                },
                "path": {
                    "enabled": true,
                    "type": "text",
                    "value": "/",
                    "visible": true
                }
            },
            "values": [
                {
                    "language": "{9ed597e9-847d-46c8-8e47-6a56af2eaef0}",
                    "value": "Press Here to Return"
                }
            ]
        }
    ]
}
