{
    "defaultLanguage": 0,
    "stringTree": {"root": []},
    "languages": [{
        "name": "default",
        "enabled": true
    }],
    "strings": [
        {
            "folder": "/",
            "strings": ["March 26, 2019"],
            "name": "Date"
        },
        {
            "folder": "/",
            "strings": ["DIA"],
            "name": "Dia"
        },
        {
            "folder": "/",
            "strings": ["84"],
            "name": "DiaDefaultValue"
        },
        {
            "folder": "/",
            "strings": ["PULSE"],
            "name": "PULSE"
        },
        {
            "folder": "/",
            "strings": ["70"],
            "name": "PulseDefaultValue"
        },
        {
            "folder": "/",
            "strings": ["0123456789"],
            "name": "PulseValueNums"
        },
        {
            "folder": "/",
            "strings": ["SYS"],
            "name": "Sys"
        },
        {
            "folder": "/",
            "strings": ["8"],
            "name": "SysDefaultValue"
        },
        {
            "folder": "/",
            "strings": ["0123456789 "],
            "name": "SysDiaValueNums"
        },
        {
            "folder": "/",
            "strings": ["mmHg"],
            "name": "mmhg"
        },
        {
            "folder": "/",
            "strings": ["/min"],
            "name": "permin"
        }
    ],
    "encoding": "ASCII"
}