{
    "sourceFileName": "HarmonyLogo.bmp",
    "sourceFileFormat": "Raw",
    "folder": "/",
    "sourceFileWidth": 197,
    "sourceFileHeight": 139,
    "imageType": "Raw",
    "properties": {
        "OutputSize": {
            "Height": 139,
            "Width": 197
        },
        "OutputMode": "RGB_565",
        "OutputFormat": "RLE",
        "UniquePalette": false,
        "MaskEnable": false,
        "Name": "HarmonyLogo",
        "ImportSize": {
            "Height": 139,
            "Width": 197
        },
        "MaskColor": {
            "Red": 0,
            "Gray": 0,
            "OutputMode": "RGB_565",
            "Blue": 0,
            "Alpha": 255,
            "Green": 0
        },
        "GeneratePalette": false,
        "BitsPerPixel": 2,
        "UniquePixelCount": 893,
        "MemoryLocation": "Internal Flash",
        "SizeBytes": 34422
    }
}