{
    "sourceFileName": "MHGC_170x170.bmp",
    "sourceFileFormat": "Raw",
    "folder": "/",
    "sourceFileWidth": 170,
    "sourceFileHeight": 170,
    "imageType": "Raw",
    "properties": {
        "OutputSize": {
            "Height": 170,
            "Width": 170
        },
        "OutputMode": "RGB_565",
        "OutputFormat": "RLE",
        "UniquePalette": false,
        "MaskEnable": false,
        "Name": "MHGC_170x170",
        "ImportSize": {
            "Height": 170,
            "Width": 170
        },
        "MaskColor": {
            "Red": 0,
            "Gray": 0,
            "OutputMode": "RGB_565",
            "Blue": 0,
            "Alpha": 255,
            "Green": 0
        },
        "GeneratePalette": false,
        "BitsPerPixel": 2,
        "UniquePixelCount": 143,
        "MemoryLocation": "Internal Flash",
        "SizeBytes": 35166
    }
}