{
    "sourceFileName": "Bar_320.bmp",
    "sourceFileFormat": "Raw",
    "folder": "/",
    "sourceFileWidth": 320,
    "sourceFileHeight": 65,
    "imageType": "Raw",
    "properties": {
        "OutputSize": {
            "Height": {
                "type": "INTEGER",
                "value": 65
            },
            "Width": {
                "type": "INTEGER",
                "value": 320
            }
        },
        "OutputMode": {
            "type": "TEXT",
            "value": "RGB_565"
        },
        "ImportSize": {
            "Height": {
                "type": "INTEGER",
                "value": 65
            },
            "Width": {
                "type": "INTEGER",
                "value": 320
            }
        },
        "OutputFormat": {
            "type": "TEXT",
            "value": "Raw"
        },
        "MaskColor": {
            "Red": {
                "type": "FLOAT",
                "value": 0
            },
            "Gray": {
                "type": "FLOAT",
                "value": 0
            },
            "OutputMode": {
                "type": "TEXT",
                "value": "RGB_565"
            },
            "Blue": {
                "type": "FLOAT",
                "value": 0
            },
            "Alpha": {
                "type": "FLOAT",
                "value": 255
            },
            "type": "COLOR",
            "Green": {
                "type": "FLOAT",
                "value": 0
            }
        },
        "GeneratePalette": {
            "type": "BOOLEAN",
            "value": false
        },
        "BitsPerPixel": {
            "type": "INTEGER",
            "value": 2
        },
        "UniquePixelCount": {
            "type": "INTEGER",
            "value": 52
        },
        "MemoryLocation": {
            "type": "MEMORY_LOC",
            "value": "Internal Flash"
        },
        "SizeBytes": {
            "type": "INTEGER",
            "value": 41600
        },
        "MaskEnable": {
            "type": "BOOLEAN",
            "value": false
        },
        "Name": {
            "type": "TEXT",
            "value": "Bar_320"
        }
    }
}