{
    "sourceFileName": "Bar_320.bmp",
    "sourceFileFormat": "Raw",
    "folder": "/",
    "sourceFileWidth": 320,
    "sourceFileHeight": 65,
    "imageType": "Raw",
    "properties": {
        "OutputSize": {
            "Height": 65,
            "Width": 320
        },
        "OutputMode": "RGB_565",
        "OutputFormat": "Raw",
        "UniquePalette": false,
        "MaskEnable": false,
        "Name": "Bar_320",
        "ImportSize": {
            "Height": 65,
            "Width": 320
        },
        "MaskColor": {
            "Red": 0,
            "Gray": 0,
            "OutputMode": "RGB_565",
            "Blue": 0,
            "Alpha": 255,
            "Green": 0
        },
        "GeneratePalette": false,
        "BitsPerPixel": 2,
        "UniquePixelCount": 52,
        "MemoryLocation": "Internal Flash",
        "SizeBytes": 41600
    }
}