{
    "__categories": [
        {
            "expanded": true,
            "id": "raw",
            "visible": true
        }
    ],
    "__groups": [
    ],
    "bitsPerPixel": {
        "enabled": false,
        "type": "integer",
        "value": 8,
        "visible": true
    },
    "colorCount": {
        "enabled": false,
        "type": "integer",
        "value": 31,
        "visible": true
    },
    "colorMaskMode": {
        "enabled": true,
        "type": "combo",
        "value": 0,
        "visible": true
    },
    "colorMode": {
        "enabled": true,
        "type": "combo",
        "value": 0,
        "visible": true
    },
    "maskColor": {
        "enabled": true,
        "image": "{f2692120-22d3-46eb-81cd-1355196169a2}",
        "type": "imagecolor",
        "value": 0,
        "visible": false
    },
    "outputSize": {
        "enabled": false,
        "type": "integer",
        "value": 1091,
        "visible": true
    },
    "useRLE": {
        "enabled": true,
        "type": "boolean",
        "value": true,
        "visible": true
    }
}
