{
    "sourceFileName": "Idle2.bmp",
    "sourceFileFormat": "Raw",
    "folder": "/",
    "sourceFileWidth": 120,
    "sourceFileHeight": 96,
    "imageType": "Raw",
    "properties": {
        "OutputSize": {
            "Height": {
                "type": "INTEGER",
                "value": 96
            },
            "Width": {
                "type": "INTEGER",
                "value": 120
            }
        },
        "OutputMode": {
            "type": "TEXT",
            "value": "RGB_332"
        },
        "OutputFormat": {
            "type": "TEXT",
            "value": "RLE"
        },
        "UniquePalette": {
            "type": "BOOLEAN",
            "value": false
        },
        "MaskEnable": {
            "type": "BOOLEAN",
            "value": true
        },
        "Name": {
            "type": "TEXT",
            "value": "Idle2"
        },
        "ImportSize": {
            "Height": {
                "type": "INTEGER",
                "value": 96
            },
            "Width": {
                "type": "INTEGER",
                "value": 120
            }
        },
        "MaskColor": {
            "Red": {
                "type": "FLOAT",
                "value": 0
            },
            "Gray": {
                "type": "FLOAT",
                "value": 0.7152
            },
            "OutputMode": {
                "type": "TEXT",
                "value": "RGB_332"
            },
            "Blue": {
                "type": "FLOAT",
                "value": 0
            },
            "Alpha": {
                "type": "FLOAT",
                "value": 1
            },
            "type": "COLOR",
            "Green": {
                "type": "FLOAT",
                "value": 1
            }
        },
        "GeneratePalette": {
            "type": "BOOLEAN",
            "value": false
        },
        "BitsPerPixel": {
            "type": "INTEGER",
            "value": 1
        },
        "UniquePixelCount": {
            "type": "INTEGER",
            "value": 36
        },
        "MemoryLocation": {
            "type": "MEMORY_LOC",
            "value": "Internal Flash"
        },
        "SizeBytes": {
            "type": "INTEGER",
            "value": 5579
        }
    }
}