{
    "bindings": [
        {
            "font": "{d5df7d5b-9072-401b-9f8f-372ba3974477}",
            "language": "{41e2aeca-530c-496f-8654-10129eb544f5}",
            "string": "{0789325b-7074-43fe-a012-88ac1d1af2ae}"
        },
        {
            "font": "{76516e74-5e41-404c-a3b5-27dae2cfa7f2}",
            "language": "{41e2aeca-530c-496f-8654-10129eb544f5}",
            "string": "{f1e33dcc-1e2a-406c-800d-9a7a232a4c0f}"
        },
        {
            "font": "{8a2335a9-32b1-47d6-a6db-2dc582ff4963}",
            "language": "{41e2aeca-530c-496f-8654-10129eb544f5}",
            "string": "{14176179-a96a-4616-813b-ee3f33b89324}"
        },
        {
            "font": "{c37dba3a-4903-4e65-9f2c-45bc442aa44b}",
            "language": "{41e2aeca-530c-496f-8654-10129eb544f5}",
            "string": "{36c8de89-4f54-4f95-96b1-a64925f9c6fe}"
        },
        {
            "font": "{7dba4184-0bba-402c-9689-ef5bb7b2815c}",
            "language": "{41e2aeca-530c-496f-8654-10129eb544f5}",
            "string": "{39d811da-2200-4657-b2e3-07aa300d7459}"
        },
        {
            "font": "{8a2335a9-32b1-47d6-a6db-2dc582ff4963}",
            "language": "{41e2aeca-530c-496f-8654-10129eb544f5}",
            "string": "{3a980e9a-5cb0-4b8e-8a63-fd4ab5f0bc07}"
        },
        {
            "font": "{8a2335a9-32b1-47d6-a6db-2dc582ff4963}",
            "language": "{41e2aeca-530c-496f-8654-10129eb544f5}",
            "string": "{4c1d005e-25f7-47d8-b494-eb6efeb54429}"
        },
        {
            "font": "{8a2335a9-32b1-47d6-a6db-2dc582ff4963}",
            "language": "{41e2aeca-530c-496f-8654-10129eb544f5}",
            "string": "{60d4266b-e5d6-4549-ac3c-3b945adc16ef}"
        },
        {
            "font": "{8a2335a9-32b1-47d6-a6db-2dc582ff4963}",
            "language": "{41e2aeca-530c-496f-8654-10129eb544f5}",
            "string": "{6642c98f-5a81-4945-843e-3092e5be6411}"
        },
        {
            "font": "{a607f963-8c66-4d09-a9db-ebdd7aedaf59}",
            "language": "{41e2aeca-530c-496f-8654-10129eb544f5}",
            "string": "{910bc3b1-17ab-455f-9f5c-656d8f5b2795}"
        },
        {
            "font": "{8a2335a9-32b1-47d6-a6db-2dc582ff4963}",
            "language": "{41e2aeca-530c-496f-8654-10129eb544f5}",
            "string": "{a111ee4a-06cd-4012-a9ed-84a80ba3c75c}"
        },
        {
            "font": "{8a2335a9-32b1-47d6-a6db-2dc582ff4963}",
            "language": "{41e2aeca-530c-496f-8654-10129eb544f5}",
            "string": "{a89a195f-5659-40f5-af26-ba8b8453b067}"
        },
        {
            "font": "{8a2335a9-32b1-47d6-a6db-2dc582ff4963}",
            "language": "{41e2aeca-530c-496f-8654-10129eb544f5}",
            "string": "{c9cf07b7-f47a-4cdb-af1e-7128e5a1959d}"
        },
        {
            "font": "{8a2335a9-32b1-47d6-a6db-2dc582ff4963}",
            "language": "{41e2aeca-530c-496f-8654-10129eb544f5}",
            "string": "{d8483c10-8830-4dd3-995f-a0b2fa495a0b}"
        },
        {
            "font": "{8a2335a9-32b1-47d6-a6db-2dc582ff4963}",
            "language": "{41e2aeca-530c-496f-8654-10129eb544f5}",
            "string": "{e4687ea9-84cd-49c6-b19c-c17317cf9a3d}"
        },
        {
            "font": "{8a2335a9-32b1-47d6-a6db-2dc582ff4963}",
            "language": "{41e2aeca-530c-496f-8654-10129eb544f5}",
            "string": "{e691b150-8955-4a40-bc25-4681e6035eba}"
        },
        {
            "font": "{8b969cf7-8213-473f-8794-e380be2f6b3c}",
            "language": "{41e2aeca-530c-496f-8654-10129eb544f5}",
            "string": "{9dbba1ad-1166-4ba3-85b1-752259340618}"
        },
        {
            "font": "{8b969cf7-8213-473f-8794-e380be2f6b3c}",
            "language": "{41e2aeca-530c-496f-8654-10129eb544f5}",
            "string": "{c13eb3ac-5bbf-4132-a529-c8c1a618518f}"
        },
        {
            "font": "{8b969cf7-8213-473f-8794-e380be2f6b3c}",
            "language": "{41e2aeca-530c-496f-8654-10129eb544f5}",
            "string": "{c7c66a6b-887d-4ecc-9cf1-698f36202215}"
        },
        {
            "font": "{d5df7d5b-9072-401b-9f8f-372ba3974477}",
            "language": "{41e2aeca-530c-496f-8654-10129eb544f5}",
            "string": "{3cd6f4ae-c594-4902-b24a-3e3896a6a15c}"
        },
        {
            "font": "{961c4016-a208-4ad2-842d-1a72eebaa0ad}",
            "language": "{41e2aeca-530c-496f-8654-10129eb544f5}",
            "string": "{45036f1e-66ed-47e2-aa2f-3e66673dd3b3}"
        },
        {
            "font": "{a607f963-8c66-4d09-a9db-ebdd7aedaf59}",
            "language": "{41e2aeca-530c-496f-8654-10129eb544f5}",
            "string": "{01a82cb4-1eaf-400c-a0fa-3bc4ee5d6e87}"
        },
        {
            "font": "{a607f963-8c66-4d09-a9db-ebdd7aedaf59}",
            "language": "{41e2aeca-530c-496f-8654-10129eb544f5}",
            "string": "{47892ab6-c19f-437f-bc23-8648be6286d6}"
        },
        {
            "font": "{a607f963-8c66-4d09-a9db-ebdd7aedaf59}",
            "language": "{41e2aeca-530c-496f-8654-10129eb544f5}",
            "string": "{a10fa535-59c5-47a3-aee8-601f47734b5e}"
        },
        {
            "font": "{a607f963-8c66-4d09-a9db-ebdd7aedaf59}",
            "language": "{41e2aeca-530c-496f-8654-10129eb544f5}",
            "string": "{c5b582b4-2af2-422b-8c3f-25b35fae81d7}"
        },
        {
            "font": "{d27a6685-0d02-4773-978f-1b1c01e2da2d}",
            "language": "{41e2aeca-530c-496f-8654-10129eb544f5}",
            "string": "{a2d5e42b-df63-4a7e-a312-7652ee27c009}"
        },
        {
            "font": "{d27a6685-0d02-4773-978f-1b1c01e2da2d}",
            "language": "{41e2aeca-530c-496f-8654-10129eb544f5}",
            "string": "{b5dcc50c-c8a1-4542-9e91-03e2320886c3}"
        },
        {
            "font": "{d5df7d5b-9072-401b-9f8f-372ba3974477}",
            "language": "{41e2aeca-530c-496f-8654-10129eb544f5}",
            "string": "{4abadc6f-dac7-44b5-8053-e8eb2731d063}"
        },
        {
            "font": "{d5df7d5b-9072-401b-9f8f-372ba3974477}",
            "language": "{41e2aeca-530c-496f-8654-10129eb544f5}",
            "string": "{75c5061f-e5b6-4ffc-bfd0-d18280be66d8}"
        },
        {
            "font": "{d5df7d5b-9072-401b-9f8f-372ba3974477}",
            "language": "{41e2aeca-530c-496f-8654-10129eb544f5}",
            "string": "{901dd498-15ca-4eb3-948e-e26a17342dbb}"
        },
        {
            "font": "{d5df7d5b-9072-401b-9f8f-372ba3974477}",
            "language": "{41e2aeca-530c-496f-8654-10129eb544f5}",
            "string": "{ccd87d5e-1429-4875-a996-46b33bd80647}"
        },
        {
            "font": "{d5df7d5b-9072-401b-9f8f-372ba3974477}",
            "language": "{41e2aeca-530c-496f-8654-10129eb544f5}",
            "string": "{e8c9f90a-2160-4778-b7bf-45383eb042a3}"
        }
    ],
    "defaultLanguage": "{41e2aeca-530c-496f-8654-10129eb544f5}",
    "encoding": "ASCII",
    "languages": [
        {
            "properties": {
                "__categories": [
                ],
                "__groups": [
                ],
                "enabled": {
                    "enabled": true,
                    "type": "boolean",
                    "value": true,
                    "visible": true
                },
                "id": {
                    "enabled": true,
                    "type": "uuid",
                    "value": "{41e2aeca-530c-496f-8654-10129eb544f5}",
                    "visible": true
                },
                "name": {
                    "enabled": true,
                    "type": "text",
                    "value": "default",
                    "visible": true
                }
            }
        }
    ],
    "paths": [
    ],
    "strings": [
        {
            "properties": {
                "__categories": [
                ],
                "__groups": [
                ],
                "description": {
                    "enabled": true,
                    "type": "text",
                    "value": "",
                    "visible": true
                },
                "id": {
                    "enabled": true,
                    "type": "uuid",
                    "value": "{01a82cb4-1eaf-400c-a0fa-3bc4ee5d6e87}",
                    "visible": true
                },
                "name": {
                    "enabled": true,
                    "type": "text",
                    "value": "PizzaMenuItem",
                    "visible": true
                },
                "path": {
                    "enabled": true,
                    "type": "text",
                    "value": "/",
                    "visible": true
                }
            },
            "values": [
                {
                    "language": "{41e2aeca-530c-496f-8654-10129eb544f5}",
                    "value": "PIZZA"
                }
            ]
        },
        {
            "properties": {
                "__categories": [
                ],
                "__groups": [
                ],
                "description": {
                    "enabled": true,
                    "type": "text",
                    "value": "",
                    "visible": true
                },
                "id": {
                    "enabled": true,
                    "type": "uuid",
                    "value": "{0789325b-7074-43fe-a012-88ac1d1af2ae}",
                    "visible": true
                },
                "name": {
                    "enabled": true,
                    "type": "text",
                    "value": "Vegetables",
                    "visible": true
                },
                "path": {
                    "enabled": true,
                    "type": "text",
                    "value": "/",
                    "visible": true
                }
            },
            "values": [
                {
                    "language": "{41e2aeca-530c-496f-8654-10129eb544f5}",
                    "value": "Veggies"
                }
            ]
        },
        {
            "properties": {
                "__categories": [
                ],
                "__groups": [
                ],
                "description": {
                    "enabled": true,
                    "type": "text",
                    "value": "",
                    "visible": true
                },
                "id": {
                    "enabled": true,
                    "type": "uuid",
                    "value": "{14176179-a96a-4616-813b-ee3f33b89324}",
                    "visible": true
                },
                "name": {
                    "enabled": true,
                    "type": "text",
                    "value": "Start",
                    "visible": true
                },
                "path": {
                    "enabled": true,
                    "type": "text",
                    "value": "/",
                    "visible": true
                }
            },
            "values": [
                {
                    "language": "{41e2aeca-530c-496f-8654-10129eb544f5}",
                    "value": "Selections"
                }
            ]
        },
        {
            "properties": {
                "__categories": [
                ],
                "__groups": [
                ],
                "description": {
                    "enabled": true,
                    "type": "text",
                    "value": "",
                    "visible": true
                },
                "id": {
                    "enabled": true,
                    "type": "uuid",
                    "value": "{36c8de89-4f54-4f95-96b1-a64925f9c6fe}",
                    "visible": true
                },
                "name": {
                    "enabled": true,
                    "type": "text",
                    "value": "DefaultMinute2",
                    "visible": true
                },
                "path": {
                    "enabled": true,
                    "type": "text",
                    "value": "/",
                    "visible": true
                }
            },
            "values": [
                {
                    "language": "{41e2aeca-530c-496f-8654-10129eb544f5}",
                    "value": "23"
                }
            ]
        },
        {
            "properties": {
                "__categories": [
                ],
                "__groups": [
                ],
                "description": {
                    "enabled": true,
                    "type": "text",
                    "value": "",
                    "visible": true
                },
                "id": {
                    "enabled": true,
                    "type": "uuid",
                    "value": "{39d811da-2200-4657-b2e3-07aa300d7459}",
                    "visible": true
                },
                "name": {
                    "enabled": true,
                    "type": "text",
                    "value": "GoodBytes",
                    "visible": true
                },
                "path": {
                    "enabled": true,
                    "type": "text",
                    "value": "/",
                    "visible": true
                }
            },
            "values": [
                {
                    "language": "{41e2aeca-530c-496f-8654-10129eb544f5}",
                    "value": "Good"
                }
            ]
        },
        {
            "properties": {
                "__categories": [
                ],
                "__groups": [
                ],
                "description": {
                    "enabled": true,
                    "type": "text",
                    "value": "",
                    "visible": true
                },
                "id": {
                    "enabled": true,
                    "type": "uuid",
                    "value": "{3a980e9a-5cb0-4b8e-8a63-fd4ab5f0bc07}",
                    "visible": true
                },
                "name": {
                    "enabled": true,
                    "type": "text",
                    "value": "Heat",
                    "visible": true
                },
                "path": {
                    "enabled": true,
                    "type": "text",
                    "value": "/",
                    "visible": true
                }
            },
            "values": [
                {
                    "language": "{41e2aeca-530c-496f-8654-10129eb544f5}",
                    "value": "Heat"
                }
            ]
        },
        {
            "properties": {
                "__categories": [
                ],
                "__groups": [
                ],
                "description": {
                    "enabled": true,
                    "type": "text",
                    "value": "",
                    "visible": true
                },
                "id": {
                    "enabled": true,
                    "type": "uuid",
                    "value": "{3cd6f4ae-c594-4902-b24a-3e3896a6a15c}",
                    "visible": true
                },
                "name": {
                    "enabled": true,
                    "type": "text",
                    "value": "Ham",
                    "visible": true
                },
                "path": {
                    "enabled": true,
                    "type": "text",
                    "value": "/",
                    "visible": true
                }
            },
            "values": [
                {
                    "language": "{41e2aeca-530c-496f-8654-10129eb544f5}",
                    "value": "Ham"
                }
            ]
        },
        {
            "properties": {
                "__categories": [
                ],
                "__groups": [
                ],
                "description": {
                    "enabled": true,
                    "type": "text",
                    "value": "",
                    "visible": true
                },
                "id": {
                    "enabled": true,
                    "type": "uuid",
                    "value": "{45036f1e-66ed-47e2-aa2f-3e66673dd3b3}",
                    "visible": true
                },
                "name": {
                    "enabled": true,
                    "type": "text",
                    "value": "Bytes",
                    "visible": true
                },
                "path": {
                    "enabled": true,
                    "type": "text",
                    "value": "/",
                    "visible": true
                }
            },
            "values": [
                {
                    "language": "{41e2aeca-530c-496f-8654-10129eb544f5}",
                    "value": "Bytes"
                }
            ]
        },
        {
            "properties": {
                "__categories": [
                ],
                "__groups": [
                ],
                "description": {
                    "enabled": true,
                    "type": "text",
                    "value": "",
                    "visible": true
                },
                "id": {
                    "enabled": true,
                    "type": "uuid",
                    "value": "{47892ab6-c19f-437f-bc23-8648be6286d6}",
                    "visible": true
                },
                "name": {
                    "enabled": true,
                    "type": "text",
                    "value": "SteakMenuItem",
                    "visible": true
                },
                "path": {
                    "enabled": true,
                    "type": "text",
                    "value": "/",
                    "visible": true
                }
            },
            "values": [
                {
                    "language": "{41e2aeca-530c-496f-8654-10129eb544f5}",
                    "value": "STEAK"
                }
            ]
        },
        {
            "properties": {
                "__categories": [
                ],
                "__groups": [
                ],
                "description": {
                    "enabled": true,
                    "type": "text",
                    "value": "",
                    "visible": true
                },
                "id": {
                    "enabled": true,
                    "type": "uuid",
                    "value": "{4abadc6f-dac7-44b5-8053-e8eb2731d063}",
                    "visible": true
                },
                "name": {
                    "enabled": true,
                    "type": "text",
                    "value": "Hotdog",
                    "visible": true
                },
                "path": {
                    "enabled": true,
                    "type": "text",
                    "value": "/",
                    "visible": true
                }
            },
            "values": [
                {
                    "language": "{41e2aeca-530c-496f-8654-10129eb544f5}",
                    "value": "Hotdog"
                }
            ]
        },
        {
            "properties": {
                "__categories": [
                ],
                "__groups": [
                ],
                "description": {
                    "enabled": true,
                    "type": "text",
                    "value": "",
                    "visible": true
                },
                "id": {
                    "enabled": true,
                    "type": "uuid",
                    "value": "{4c1d005e-25f7-47d8-b494-eb6efeb54429}",
                    "visible": true
                },
                "name": {
                    "enabled": true,
                    "type": "text",
                    "value": "Seafood",
                    "visible": true
                },
                "path": {
                    "enabled": true,
                    "type": "text",
                    "value": "/",
                    "visible": true
                }
            },
            "values": [
                {
                    "language": "{41e2aeca-530c-496f-8654-10129eb544f5}",
                    "value": "Seafood"
                }
            ]
        },
        {
            "properties": {
                "__categories": [
                ],
                "__groups": [
                ],
                "description": {
                    "enabled": true,
                    "type": "text",
                    "value": "",
                    "visible": true
                },
                "id": {
                    "enabled": true,
                    "type": "uuid",
                    "value": "{60d4266b-e5d6-4549-ac3c-3b945adc16ef}",
                    "visible": true
                },
                "name": {
                    "enabled": true,
                    "type": "text",
                    "value": "Meat",
                    "visible": true
                },
                "path": {
                    "enabled": true,
                    "type": "text",
                    "value": "/",
                    "visible": true
                }
            },
            "values": [
                {
                    "language": "{41e2aeca-530c-496f-8654-10129eb544f5}",
                    "value": "Meat"
                }
            ]
        },
        {
            "properties": {
                "__categories": [
                ],
                "__groups": [
                ],
                "description": {
                    "enabled": true,
                    "type": "text",
                    "value": "",
                    "visible": true
                },
                "id": {
                    "enabled": true,
                    "type": "uuid",
                    "value": "{6642c98f-5a81-4945-843e-3092e5be6411}",
                    "visible": true
                },
                "name": {
                    "enabled": true,
                    "type": "text",
                    "value": "Poultry",
                    "visible": true
                },
                "path": {
                    "enabled": true,
                    "type": "text",
                    "value": "/",
                    "visible": true
                }
            },
            "values": [
                {
                    "language": "{41e2aeca-530c-496f-8654-10129eb544f5}",
                    "value": "Poultry"
                }
            ]
        },
        {
            "properties": {
                "__categories": [
                ],
                "__groups": [
                ],
                "description": {
                    "enabled": true,
                    "type": "text",
                    "value": "",
                    "visible": true
                },
                "id": {
                    "enabled": true,
                    "type": "uuid",
                    "value": "{75c5061f-e5b6-4ffc-bfd0-d18280be66d8}",
                    "visible": true
                },
                "name": {
                    "enabled": true,
                    "type": "text",
                    "value": "Sausage",
                    "visible": true
                },
                "path": {
                    "enabled": true,
                    "type": "text",
                    "value": "/",
                    "visible": true
                }
            },
            "values": [
                {
                    "language": "{41e2aeca-530c-496f-8654-10129eb544f5}",
                    "value": "Sausage"
                }
            ]
        },
        {
            "properties": {
                "__categories": [
                ],
                "__groups": [
                ],
                "description": {
                    "enabled": true,
                    "type": "text",
                    "value": "",
                    "visible": true
                },
                "id": {
                    "enabled": true,
                    "type": "uuid",
                    "value": "{901dd498-15ca-4eb3-948e-e26a17342dbb}",
                    "visible": true
                },
                "name": {
                    "enabled": true,
                    "type": "text",
                    "value": "Steak",
                    "visible": true
                },
                "path": {
                    "enabled": true,
                    "type": "text",
                    "value": "/",
                    "visible": true
                }
            },
            "values": [
                {
                    "language": "{41e2aeca-530c-496f-8654-10129eb544f5}",
                    "value": "Steak"
                }
            ]
        },
        {
            "properties": {
                "__categories": [
                ],
                "__groups": [
                ],
                "description": {
                    "enabled": true,
                    "type": "text",
                    "value": "",
                    "visible": true
                },
                "id": {
                    "enabled": true,
                    "type": "uuid",
                    "value": "{910bc3b1-17ab-455f-9f5c-656d8f5b2795}",
                    "visible": true
                },
                "name": {
                    "enabled": true,
                    "type": "text",
                    "value": "Pasta",
                    "visible": true
                },
                "path": {
                    "enabled": true,
                    "type": "text",
                    "value": "/",
                    "visible": true
                }
            },
            "values": [
                {
                    "language": "{41e2aeca-530c-496f-8654-10129eb544f5}",
                    "value": "PASTA"
                }
            ]
        },
        {
            "properties": {
                "__categories": [
                ],
                "__groups": [
                ],
                "description": {
                    "enabled": true,
                    "type": "text",
                    "value": "",
                    "visible": true
                },
                "id": {
                    "enabled": true,
                    "type": "uuid",
                    "value": "{9dbba1ad-1166-4ba3-85b1-752259340618}",
                    "visible": true
                },
                "name": {
                    "enabled": true,
                    "type": "text",
                    "value": "DefaultHour",
                    "visible": true
                },
                "path": {
                    "enabled": true,
                    "type": "text",
                    "value": "/",
                    "visible": true
                }
            },
            "values": [
                {
                    "language": "{41e2aeca-530c-496f-8654-10129eb544f5}",
                    "value": "12"
                }
            ]
        },
        {
            "properties": {
                "__categories": [
                ],
                "__groups": [
                ],
                "description": {
                    "enabled": true,
                    "type": "text",
                    "value": "",
                    "visible": true
                },
                "id": {
                    "enabled": true,
                    "type": "uuid",
                    "value": "{a10fa535-59c5-47a3-aee8-601f47734b5e}",
                    "visible": true
                },
                "name": {
                    "enabled": true,
                    "type": "text",
                    "value": "QuickItems",
                    "visible": true
                },
                "path": {
                    "enabled": true,
                    "type": "text",
                    "value": "/",
                    "visible": true
                }
            },
            "values": [
                {
                    "language": "{41e2aeca-530c-496f-8654-10129eb544f5}",
                    "value": "Quick Selections"
                }
            ]
        },
        {
            "properties": {
                "__categories": [
                ],
                "__groups": [
                ],
                "description": {
                    "enabled": true,
                    "type": "text",
                    "value": "",
                    "visible": true
                },
                "id": {
                    "enabled": true,
                    "type": "uuid",
                    "value": "{a111ee4a-06cd-4012-a9ed-84a80ba3c75c}",
                    "visible": true
                },
                "name": {
                    "enabled": true,
                    "type": "text",
                    "value": "by",
                    "visible": true
                },
                "path": {
                    "enabled": true,
                    "type": "text",
                    "value": "/",
                    "visible": true
                }
            },
            "values": [
                {
                    "language": "{41e2aeca-530c-496f-8654-10129eb544f5}",
                    "value": "By"
                }
            ]
        },
        {
            "properties": {
                "__categories": [
                ],
                "__groups": [
                ],
                "description": {
                    "enabled": true,
                    "type": "text",
                    "value": "",
                    "visible": true
                },
                "id": {
                    "enabled": true,
                    "type": "uuid",
                    "value": "{a2d5e42b-df63-4a7e-a312-7652ee27c009}",
                    "visible": true
                },
                "name": {
                    "enabled": true,
                    "type": "text",
                    "value": "Done",
                    "visible": true
                },
                "path": {
                    "enabled": true,
                    "type": "text",
                    "value": "/",
                    "visible": true
                }
            },
            "values": [
                {
                    "language": "{41e2aeca-530c-496f-8654-10129eb544f5}",
                    "value": "Done"
                }
            ]
        },
        {
            "properties": {
                "__categories": [
                ],
                "__groups": [
                ],
                "description": {
                    "enabled": true,
                    "type": "text",
                    "value": "",
                    "visible": true
                },
                "id": {
                    "enabled": true,
                    "type": "uuid",
                    "value": "{a89a195f-5659-40f5-af26-ba8b8453b067}",
                    "visible": true
                },
                "name": {
                    "enabled": true,
                    "type": "text",
                    "value": "QuickSelect",
                    "visible": true
                },
                "path": {
                    "enabled": true,
                    "type": "text",
                    "value": "/",
                    "visible": true
                }
            },
            "values": [
                {
                    "language": "{41e2aeca-530c-496f-8654-10129eb544f5}",
                    "value": "Smart"
                }
            ]
        },
        {
            "properties": {
                "__categories": [
                ],
                "__groups": [
                ],
                "description": {
                    "enabled": true,
                    "type": "text",
                    "value": "",
                    "visible": true
                },
                "id": {
                    "enabled": true,
                    "type": "uuid",
                    "value": "{b5dcc50c-c8a1-4542-9e91-03e2320886c3}",
                    "visible": true
                },
                "name": {
                    "enabled": true,
                    "type": "text",
                    "value": "DefaultCookTime",
                    "visible": true
                },
                "path": {
                    "enabled": true,
                    "type": "text",
                    "value": "/",
                    "visible": true
                }
            },
            "values": [
                {
                    "language": "{41e2aeca-530c-496f-8654-10129eb544f5}",
                    "value": "2:00"
                }
            ]
        },
        {
            "properties": {
                "__categories": [
                ],
                "__groups": [
                ],
                "description": {
                    "enabled": true,
                    "type": "text",
                    "value": "",
                    "visible": true
                },
                "id": {
                    "enabled": true,
                    "type": "uuid",
                    "value": "{c13eb3ac-5bbf-4132-a529-c8c1a618518f}",
                    "visible": true
                },
                "name": {
                    "enabled": true,
                    "type": "text",
                    "value": "DefaultMinute",
                    "visible": true
                },
                "path": {
                    "enabled": true,
                    "type": "text",
                    "value": "/",
                    "visible": true
                }
            },
            "values": [
                {
                    "language": "{41e2aeca-530c-496f-8654-10129eb544f5}",
                    "value": "00"
                }
            ]
        },
        {
            "properties": {
                "__categories": [
                ],
                "__groups": [
                ],
                "description": {
                    "enabled": true,
                    "type": "text",
                    "value": "",
                    "visible": true
                },
                "id": {
                    "enabled": true,
                    "type": "uuid",
                    "value": "{c5b582b4-2af2-422b-8c3f-25b35fae81d7}",
                    "visible": true
                },
                "name": {
                    "enabled": true,
                    "type": "text",
                    "value": "SalmonMenuItem",
                    "visible": true
                },
                "path": {
                    "enabled": true,
                    "type": "text",
                    "value": "/",
                    "visible": true
                }
            },
            "values": [
                {
                    "language": "{41e2aeca-530c-496f-8654-10129eb544f5}",
                    "value": "SALMON"
                }
            ]
        },
        {
            "properties": {
                "__categories": [
                ],
                "__groups": [
                ],
                "description": {
                    "enabled": true,
                    "type": "text",
                    "value": "",
                    "visible": true
                },
                "id": {
                    "enabled": true,
                    "type": "uuid",
                    "value": "{c7c66a6b-887d-4ecc-9cf1-698f36202215}",
                    "visible": true
                },
                "name": {
                    "enabled": true,
                    "type": "text",
                    "value": "Colon",
                    "visible": true
                },
                "path": {
                    "enabled": true,
                    "type": "text",
                    "value": "/",
                    "visible": true
                }
            },
            "values": [
                {
                    "language": "{41e2aeca-530c-496f-8654-10129eb544f5}",
                    "value": ":"
                }
            ]
        },
        {
            "properties": {
                "__categories": [
                ],
                "__groups": [
                ],
                "description": {
                    "enabled": true,
                    "type": "text",
                    "value": "",
                    "visible": true
                },
                "id": {
                    "enabled": true,
                    "type": "uuid",
                    "value": "{c9cf07b7-f47a-4cdb-af1e-7128e5a1959d}",
                    "visible": true
                },
                "name": {
                    "enabled": true,
                    "type": "text",
                    "value": "Breakfast",
                    "visible": true
                },
                "path": {
                    "enabled": true,
                    "type": "text",
                    "value": "/",
                    "visible": true
                }
            },
            "values": [
                {
                    "language": "{41e2aeca-530c-496f-8654-10129eb544f5}",
                    "value": "Breakfast"
                }
            ]
        },
        {
            "properties": {
                "__categories": [
                ],
                "__groups": [
                ],
                "description": {
                    "enabled": true,
                    "type": "text",
                    "value": "",
                    "visible": true
                },
                "id": {
                    "enabled": true,
                    "type": "uuid",
                    "value": "{ccd87d5e-1429-4875-a996-46b33bd80647}",
                    "visible": true
                },
                "name": {
                    "enabled": true,
                    "type": "text",
                    "value": "Kabobs",
                    "visible": true
                },
                "path": {
                    "enabled": true,
                    "type": "text",
                    "value": "/",
                    "visible": true
                }
            },
            "values": [
                {
                    "language": "{41e2aeca-530c-496f-8654-10129eb544f5}",
                    "value": "Kabobs"
                }
            ]
        },
        {
            "properties": {
                "__categories": [
                ],
                "__groups": [
                ],
                "description": {
                    "enabled": true,
                    "type": "text",
                    "value": "",
                    "visible": true
                },
                "id": {
                    "enabled": true,
                    "type": "uuid",
                    "value": "{d8483c10-8830-4dd3-995f-a0b2fa495a0b}",
                    "visible": true
                },
                "name": {
                    "enabled": true,
                    "type": "text",
                    "value": "DefaultTime2",
                    "visible": true
                },
                "path": {
                    "enabled": true,
                    "type": "text",
                    "value": "/",
                    "visible": true
                }
            },
            "values": [
                {
                    "language": "{41e2aeca-530c-496f-8654-10129eb544f5}",
                    "value": "01:00"
                }
            ]
        },
        {
            "properties": {
                "__categories": [
                ],
                "__groups": [
                ],
                "description": {
                    "enabled": true,
                    "type": "text",
                    "value": "",
                    "visible": true
                },
                "id": {
                    "enabled": true,
                    "type": "uuid",
                    "value": "{e4687ea9-84cd-49c6-b19c-c17317cf9a3d}",
                    "visible": true
                },
                "name": {
                    "enabled": true,
                    "type": "text",
                    "value": "Favorites",
                    "visible": true
                },
                "path": {
                    "enabled": true,
                    "type": "text",
                    "value": "/",
                    "visible": true
                }
            },
            "values": [
                {
                    "language": "{41e2aeca-530c-496f-8654-10129eb544f5}",
                    "value": "Favorites"
                }
            ]
        },
        {
            "properties": {
                "__categories": [
                ],
                "__groups": [
                ],
                "description": {
                    "enabled": true,
                    "type": "text",
                    "value": "",
                    "visible": true
                },
                "id": {
                    "enabled": true,
                    "type": "uuid",
                    "value": "{e691b150-8955-4a40-bc25-4681e6035eba}",
                    "visible": true
                },
                "name": {
                    "enabled": true,
                    "type": "text",
                    "value": "SmartCooker",
                    "visible": true
                },
                "path": {
                    "enabled": true,
                    "type": "text",
                    "value": "/",
                    "visible": true
                }
            },
            "values": [
                {
                    "language": "{41e2aeca-530c-496f-8654-10129eb544f5}",
                    "value": "Smart Cooker"
                }
            ]
        },
        {
            "properties": {
                "__categories": [
                ],
                "__groups": [
                ],
                "description": {
                    "enabled": true,
                    "type": "text",
                    "value": "",
                    "visible": true
                },
                "id": {
                    "enabled": true,
                    "type": "uuid",
                    "value": "{e8c9f90a-2160-4778-b7bf-45383eb042a3}",
                    "visible": true
                },
                "name": {
                    "enabled": true,
                    "type": "text",
                    "value": "Bacon",
                    "visible": true
                },
                "path": {
                    "enabled": true,
                    "type": "text",
                    "value": "/",
                    "visible": true
                }
            },
            "values": [
                {
                    "language": "{41e2aeca-530c-496f-8654-10129eb544f5}",
                    "value": "Bacon"
                }
            ]
        },
        {
            "properties": {
                "__categories": [
                ],
                "__groups": [
                ],
                "description": {
                    "enabled": true,
                    "type": "text",
                    "value": "",
                    "visible": true
                },
                "id": {
                    "enabled": true,
                    "type": "uuid",
                    "value": "{f1e33dcc-1e2a-406c-800d-9a7a232a4c0f}",
                    "visible": true
                },
                "name": {
                    "enabled": true,
                    "type": "text",
                    "value": "DefaultHour2",
                    "visible": true
                },
                "path": {
                    "enabled": true,
                    "type": "text",
                    "value": "/",
                    "visible": true
                }
            },
            "values": [
                {
                    "language": "{41e2aeca-530c-496f-8654-10129eb544f5}",
                    "value": "01"
                }
            ]
        }
    ]
}
