{"defaultLanguage":0,"stringTree":{"root":[]},"languages":[{"name":"default","enabled":true}],"strings":[{"folder":"/","strings":["Bacon"],"name":"Bacon"},{"folder":"/","strings":["Breakfast"],"name":"Breakfast"},{"folder":"/","strings":["Bytes"],"name":"Bytes"},{"folder":"/","strings":[":"],"name":"Colon"},{"folder":"/","strings":["2:00"],"name":"DefaultCookTime"},{"folder":"/","strings":["12"],"name":"DefaultHour"},{"folder":"/","strings":["01"],"name":"DefaultHour2"},{"folder":"/","strings":["00"],"name":"DefaultMinute"},{"folder":"/","strings":["23"],"name":"DefaultMinute2"},{"folder":"/","strings":["01:00"],"name":"DefaultTime2"},{"folder":"/","strings":["Done"],"name":"Done"},{"folder":"/","strings":["Favorites"],"name":"Favorites"},{"folder":"/","strings":["Good"],"name":"GoodBytes"},{"folder":"/","strings":["Ham"],"name":"Ham"},{"folder":"/","strings":["Heat"],"name":"Heat"},{"folder":"/","strings":["Hotdog"],"name":"Hotdog"},{"folder":"/","strings":["Kabobs"],"name":"Kabobs"},{"folder":"/","strings":["Meat"],"name":"Meat"},{"folder":"/","strings":["PASTA"],"name":"Pasta"},{"folder":"/","strings":["PIZZA"],"name":"PizzaMenuItem"},{"folder":"/","strings":["Poultry"],"name":"Poultry"},{"folder":"/","strings":["Quick Selections"],"name":"QuickItems"},{"folder":"/","strings":["Smart"],"name":"QuickSelect"},{"folder":"/","strings":["SALMON"],"name":"SalmonMenuItem"},{"folder":"/","strings":["Sausage"],"name":"Sausage"},{"folder":"/","strings":["Seafood"],"name":"Seafood"},{"folder":"/","strings":["Smart Cooker"],"name":"SmartCooker"},{"folder":"/","strings":["Selections"],"name":"Start"},{"folder":"/","strings":["Steak"],"name":"Steak"},{"folder":"/","strings":["STEAK"],"name":"SteakMenuItem"},{"folder":"/","strings":["Veggies"],"name":"Vegetables"},{"folder":"/","strings":["By"],"name":"by"}],"encoding":"ASCII"}