[
    {
        "name": "DefaultCookTime",
        "language": 0,
        "font": "NotoSans_Bold_CookTime"
    },
    {
        "name": "Heat",
        "language": 0,
        "font": "NotoSans_Regular"
    },
    {
        "name": "SteakMenuItem",
        "language": 0,
        "font": "NotoSans_Regular_Menu"
    },
    {
        "name": "DefaultMinute",
        "language": 0,
        "font": "NotoSans_Regular_Time"
    },
    {
        "name": "Favorites",
        "language": 0,
        "font": "NotoSans_Regular"
    },
    {
        "name": "QuickItems",
        "language": 0,
        "font": "NotoSans_Regular_Menu"
    },
    {
        "name": "Ham",
        "language": 0,
        "font": "NotoSans_Regular_wheel"
    },
    {
        "name": "GoodBytes",
        "language": 0,
        "font": "NotoSans_Bold"
    },
    {
        "name": "Pasta",
        "language": 0,
        "font": "NotoSans_Regular_Menu"
    },
    {
        "name": "PizzaMenuItem",
        "language": 0,
        "font": "NotoSans_Regular_Menu"
    },
    {
        "name": "Poultry",
        "language": 0,
        "font": "NotoSans_Regular"
    },
    {
        "name": "Kabobs",
        "language": 0,
        "font": "NotoSans_Regular_wheel"
    },
    {
        "name": "Done",
        "language": 0,
        "font": "NotoSans_Bold_CookTime"
    },
    {
        "name": "QuickSelect",
        "language": 0,
        "font": "NotoSans_Regular"
    },
    {
        "name": "Colon",
        "language": 0,
        "font": "NotoSans_Regular_Time"
    },
    {
        "name": "Steak",
        "language": 0,
        "font": "NotoSans_Regular_wheel"
    },
    {
        "name": "Hotdog",
        "language": 0,
        "font": "NotoSans_Regular_wheel"
    },
    {
        "name": "Meat",
        "language": 0,
        "font": "NotoSans_Regular"
    },
    {
        "name": "SalmonMenuItem",
        "language": 0,
        "font": "NotoSans_Regular_Menu"
    },
    {
        "name": "Breakfast",
        "language": 0,
        "font": "NotoSans_Regular"
    },
    {
        "name": "DefaultTime2",
        "language": 0,
        "font": "NotoSans_Regular"
    },
    {
        "name": "DefaultMinute2",
        "language": 0,
        "font": "NotoSans_Regular_Time2"
    },
    {
        "name": "Sausage",
        "language": 0,
        "font": "NotoSans_Regular_wheel"
    },
    {
        "name": "Seafood",
        "language": 0,
        "font": "NotoSans_Regular"
    },
    {
        "name": "DefaultHour",
        "language": 0,
        "font": "NotoSans_Regular_Time"
    },
    {
        "name": "Bytes",
        "language": 0,
        "font": "NotoSans_Regular_20"
    },
    {
        "name": "Bacon",
        "language": 0,
        "font": "NotoSans_Regular_wheel"
    },
    {
        "name": "SmartCooker",
        "language": 0,
        "font": "NotoSans_Regular"
    },
    {
        "name": "Start",
        "language": 0,
        "font": "NotoSans_Regular"
    },
    {
        "name": "Vegetables",
        "language": 0,
        "font": "NotoSans_Regular_wheel"
    },
    {
        "name": "DefaultHour2",
        "language": 0,
        "font": "NotoSans_Bold_Time2"
    },
    {
        "name": "by",
        "language": 0,
        "font": "NotoSans_Regular"
    }
]