{
    "sourceFileName": "BannerLeft.png",
    "sourceFileFormat": "PNG",
    "folder": "/",
    "sourceFileWidth": 105,
    "sourceFileHeight": 397,
    "imageType": "Raw",
    "properties": {
        "OutputSize": {
            "Height": 397,
            "Width": 105
        },
        "OutputMode": "RGB_565",
        "ImportSize": {
            "Height": 397,
            "Width": 105
        },
        "OutputFormat": "RLE",
        "MaskColor": {
            "Red": 0,
            "Gray": 0,
            "OutputMode": "RGB_565",
            "Blue": 0,
            "Alpha": 1,
            "Green": 0
        },
        "GeneratePalette": true,
        "BitsPerPixel": 2,
        "UniquePixelCount": 3,
        "MemoryLocation": "Internal Flash",
        "SizeBytes": 3670,
        "MaskEnable": false,
        "Name": "BannerLeft"
    }
}