{
    "sourceFileName": "1200px-Heart_coraz�n.bmp",
    "sourceFileFormat": "Raw",
    "folder": "/",
    "sourceFileWidth": 50,
    "sourceFileHeight": 50,
    "imageType": "Raw",
    "properties": {
        "OutputSize": {
            "Height": 30,
            "Width": 30
        },
        "OutputMode": "RGB_565",
        "ImportSize": {
            "Height": 50,
            "Width": 50
        },
        "OutputFormat": "RLE",
        "MaskColor": {
            "Red": 0,
            "Gray": 0,
            "OutputMode": "RGB_565",
            "Blue": 0,
            "Alpha": 1,
            "Green": 0
        },
        "GeneratePalette": true,
        "BitsPerPixel": 2,
        "UniquePixelCount": 42,
        "MemoryLocation": "Internal Flash",
        "SizeBytes": 778,
        "MaskEnable": false,
        "Name": "_1200px_Heart_coraz_n"
    }
}