{
    "images": [
        {
            "id": "{6119712c-8975-43a4-9d6a-5ad9f547e989}",
            "name": "deg65",
            "type": "RGB"
        },
        {
            "id": "{c4fb006d-11d0-4c1e-99d5-ce20fa18ecfd}",
            "name": "deg66",
            "type": "RGB"
        },
        {
            "id": "{8902fc0c-91b0-4158-938d-3a05516f03ce}",
            "name": "deg67",
            "type": "RGB"
        },
        {
            "id": "{9d753673-037f-4ae3-9513-cccce0fcbb78}",
            "name": "deg68",
            "type": "RGB"
        },
        {
            "id": "{13b8f6be-a973-4922-8424-ffc6b667712f}",
            "name": "deg69",
            "type": "RGB"
        },
        {
            "id": "{b46e0384-731d-443f-a165-b1195c56aa27}",
            "name": "deg70",
            "type": "RGB"
        },
        {
            "id": "{d2505aaa-1b63-470e-8e9d-66287abd0457}",
            "name": "deg71",
            "type": "RGB"
        },
        {
            "id": "{d096fcf6-6de6-446e-8097-7505ac6a5ee2}",
            "name": "deg72",
            "type": "RGB"
        },
        {
            "id": "{88a4ad4d-229b-4c48-a506-8a63805720e4}",
            "name": "deg73",
            "type": "RGB"
        },
        {
            "id": "{4186d8fe-2a1e-4695-aef5-53691fa88a01}",
            "name": "deg74",
            "type": "RGB"
        },
        {
            "id": "{669fa040-2f36-47d3-9f78-90d464c43146}",
            "name": "deg75",
            "type": "RGB"
        },
        {
            "id": "{3f69ee82-f994-491b-a984-1a6e6e813d54}",
            "name": "deg76",
            "type": "RGB"
        },
        {
            "id": "{6b737a7b-100b-40f5-9823-5e073f7db871}",
            "name": "deg77",
            "type": "RGB"
        },
        {
            "id": "{b57ff1fd-f1c0-497a-ac1d-57e792b94687}",
            "name": "deg78",
            "type": "RGB"
        },
        {
            "id": "{f99f1562-de8d-40c1-bd11-d39fac1416ea}",
            "name": "deg79",
            "type": "RGB"
        },
        {
            "id": "{ec65111a-0bc6-4cdc-9212-9f11bba14ca4}",
            "name": "deg80",
            "type": "RGB"
        },
        {
            "id": "{34788cca-0d23-4c5f-9485-0f80f81f3981}",
            "name": "deg81",
            "type": "RGB"
        },
        {
            "id": "{7b7820d4-d2fb-4ea3-9cca-08d9464d1cb6}",
            "name": "deg82",
            "type": "RGB"
        },
        {
            "id": "{d313807c-ce34-4c2e-84f2-8a56872c2821}",
            "name": "deg83",
            "type": "RGB"
        },
        {
            "id": "{cada3c0e-c058-4107-8783-93288b61e6fb}",
            "name": "deg84",
            "type": "RGB"
        },
        {
            "id": "{6c1ff865-db25-4a1f-84b1-9f128acd59ed}",
            "name": "deg85",
            "type": "RGB"
        },
        {
            "id": "{b4bd98b8-e18d-4827-80df-1880fc2ae8a0}",
            "name": "Driver",
            "type": "RGB"
        },
        {
            "id": "{5e8e7472-4764-4689-9fb6-3ac901527e34}",
            "name": "FontPassenger",
            "type": "RGB"
        },
        {
            "id": "{970ed352-6c5f-4461-89a8-9e9ddb0d792d}",
            "name": "LeftPassenger",
            "type": "RGB"
        },
        {
            "id": "{ca41787b-433e-47ce-a012-65a2daa8be54}",
            "name": "RightPassenger",
            "type": "RGB"
        },
        {
            "id": "{dc4c427c-a852-414f-8b07-50a410ec88fe}",
            "name": "climate_control_off",
            "type": "RGB"
        },
        {
            "id": "{87c6fece-55c7-485d-8853-fd98b3ca64fe}",
            "name": "climate_control_on",
            "type": "RGB"
        },
        {
            "id": "{431200d0-5b11-4156-81aa-73c8388e8adb}",
            "name": "fresh_air_on",
            "type": "RGB"
        },
        {
            "id": "{87777e9e-7e70-45ad-ae99-c4b17e047d28}",
            "name": "front_vent_off",
            "type": "RGB"
        },
        {
            "id": "{2a4e7fd9-3380-4639-9336-6c249deaf284}",
            "name": "front_vent_on",
            "type": "RGB"
        },
        {
            "id": "{5b3cbac5-65b7-4798-8921-9fc616a6f6cf}",
            "name": "rear_vent_off",
            "type": "RGB"
        },
        {
            "id": "{8905ae06-a61a-4ae2-8fb9-5b3b87f247bf}",
            "name": "rear_vent_on",
            "type": "RGB"
        },
        {
            "id": "{c58d296d-a5d9-403d-b78f-ccb7fc2731ec}",
            "name": "recirc_on",
            "type": "RGB"
        },
        {
            "id": "{c8b743f3-1c79-4f5c-b883-9616c99cdc5f}",
            "name": "aircon_on2",
            "type": "RGB"
        },
        {
            "id": "{aaf5a9ed-cdb7-474d-a7b8-1e3454e6111e}",
            "name": "aircon_off2",
            "type": "RGB"
        },
        {
            "id": "{4163c5ae-b059-4a02-976e-cf8f65af0c33}",
            "name": "fresh_air_on2",
            "type": "RGB"
        },
        {
            "id": "{e4998dcf-f34a-4071-ba65-e5040143ff51}",
            "name": "front_vent_off2",
            "type": "RGB"
        },
        {
            "id": "{3c5bb8ed-9306-437b-bbcf-06ad8874a049}",
            "name": "front_vent_on2",
            "type": "RGB"
        },
        {
            "id": "{c1990b34-7005-4967-af36-a8cb4ff6fcd6}",
            "name": "rear_vent_on2",
            "type": "RGB"
        },
        {
            "id": "{2648925e-46c4-412d-9038-7b8e1a142245}",
            "name": "recirc_on2",
            "type": "RGB"
        },
        {
            "id": "{a87f4a85-10dd-413f-bd44-dceaa63f7f54}",
            "name": "rear_vent_off2",
            "type": "RGB"
        },
        {
            "id": "{7ea1de67-c418-450f-a28a-d4c928c59ca2}",
            "name": "syncOff_rs",
            "type": "RGB"
        },
        {
            "id": "{f530eb48-b284-4bb1-9ba7-937ad7118c90}",
            "name": "syncOn_rs",
            "type": "RGB"
        },
        {
            "id": "{d18398cf-1c7a-4c47-9cbe-3b2a6d488e7b}",
            "name": "seat_warm_off",
            "type": "RGB"
        },
        {
            "id": "{9fa32b2c-8565-46ef-8c53-4a3f5729ce47}",
            "name": "seat_warm_on",
            "type": "RGB"
        },
        {
            "id": "{df863535-510b-46f3-8659-a17509b870a5}",
            "name": "breeze_on",
            "type": "RGB"
        },
        {
            "id": "{8dc94208-b695-419d-ad6a-bd6f8096e956}",
            "name": "breeze_off",
            "type": "RGB"
        },
        {
            "id": "{a614a3ce-b3f3-4ed2-a12a-6bc1dff7d79b}",
            "name": "circle_fill",
            "type": "RGB"
        },
        {
            "id": "{99fdf8cd-cc71-4d4e-8f70-cab7c7492289}",
            "name": "circle_nofill",
            "type": "RGB"
        },
        {
            "id": "{1f088154-cc3c-4a78-b46d-16b9d7d05d8d}",
            "name": "h1",
            "type": "RGB"
        },
        {
            "id": "{c2689307-2d06-4b5c-8c4d-df5fad107c93}",
            "name": "h10",
            "type": "RGB"
        },
        {
            "id": "{48de2a72-25f7-46f5-ab9b-5a58c113829e}",
            "name": "h11",
            "type": "RGB"
        },
        {
            "id": "{6ae0402c-7b3c-48c2-9aa5-dbaf63c56b03}",
            "name": "h12",
            "type": "RGB"
        },
        {
            "id": "{e3b6930c-24f5-4a44-9f6e-f26b6ce9fc0c}",
            "name": "h2",
            "type": "RGB"
        },
        {
            "id": "{b1c3e3a5-ae4d-49e8-9b57-0eed43ff9693}",
            "name": "h3",
            "type": "RGB"
        },
        {
            "id": "{ae6b492b-1fe9-4922-8a5d-009118c5cc63}",
            "name": "h4",
            "type": "RGB"
        },
        {
            "id": "{dee5d692-e70c-4640-9a02-bb8a1ebac899}",
            "name": "h5",
            "type": "RGB"
        },
        {
            "id": "{4d488edc-94ef-4787-8c44-5c0ea2222c14}",
            "name": "h6",
            "type": "RGB"
        },
        {
            "id": "{ea51b96d-97a6-46ca-850c-a541102402bf}",
            "name": "h7",
            "type": "RGB"
        },
        {
            "id": "{d94f4682-3b58-4c25-847c-837afa7a86c2}",
            "name": "h8",
            "type": "RGB"
        },
        {
            "id": "{24cc7536-f3c4-4a44-ad53-fb9125042d2b}",
            "name": "h9",
            "type": "RGB"
        },
        {
            "id": "{f4b701ab-9668-4184-9267-b8b2d2c75fda}",
            "name": "colon",
            "type": "RGB"
        },
        {
            "id": "{1b0a31b6-dfe1-45e3-a0e8-9d75a6c3cea2}",
            "name": "m00",
            "type": "RGB"
        },
        {
            "id": "{c4950634-8ee0-4023-ac75-0674e0eeec1f}",
            "name": "m01",
            "type": "RGB"
        },
        {
            "id": "{ffcd86a5-7821-45fe-aaf5-a77557f9c924}",
            "name": "m02",
            "type": "RGB"
        },
        {
            "id": "{ddf228cc-a735-447f-b822-5ce82586a26f}",
            "name": "m03",
            "type": "RGB"
        },
        {
            "id": "{5f716612-bf6d-45b2-abb9-27c6fd6e6cd6}",
            "name": "m04",
            "type": "RGB"
        },
        {
            "id": "{b46ac55d-1ad9-4238-9545-f81c529e3fd6}",
            "name": "m05",
            "type": "RGB"
        },
        {
            "id": "{06883901-1de2-4340-969d-93f183670d02}",
            "name": "m06",
            "type": "RGB"
        },
        {
            "id": "{bdb3aab8-007a-47a4-bc53-cbc92d1233e9}",
            "name": "m07",
            "type": "RGB"
        },
        {
            "id": "{d4c05d57-1934-41fa-8ab8-1d1c286cfbed}",
            "name": "m08",
            "type": "RGB"
        },
        {
            "id": "{973bbf16-3dd0-4e55-ab80-c0a77faea91d}",
            "name": "m09",
            "type": "RGB"
        },
        {
            "id": "{3dc31510-b2ef-4942-a05a-e207c50bda43}",
            "name": "m10",
            "type": "RGB"
        },
        {
            "id": "{a81d7df7-edb5-45c5-8568-9c87078f39e3}",
            "name": "m11",
            "type": "RGB"
        },
        {
            "id": "{b8e5d742-4cdd-4a77-b033-67d74a40b135}",
            "name": "m12",
            "type": "RGB"
        },
        {
            "id": "{b646eff6-a173-4a14-8107-3382e0b526a4}",
            "name": "m13",
            "type": "RGB"
        },
        {
            "id": "{9e07a379-c7a8-425b-ab1c-ac5837e61fa5}",
            "name": "m14",
            "type": "RGB"
        },
        {
            "id": "{260ff922-4698-4ed5-90ac-7f1cf576eb6e}",
            "name": "m15",
            "type": "RGB"
        },
        {
            "id": "{d3bd655e-1dd5-442d-8fa2-5e17f9538501}",
            "name": "m16",
            "type": "RGB"
        },
        {
            "id": "{d7aa9831-ec8d-47a7-950c-797880dae291}",
            "name": "m17",
            "type": "RGB"
        },
        {
            "id": "{9ec2f524-2448-480e-838b-e7e56fde2db8}",
            "name": "m18",
            "type": "RGB"
        },
        {
            "id": "{291f5ccb-2009-45e6-879c-cec079939607}",
            "name": "m19",
            "type": "RGB"
        },
        {
            "id": "{7d3452f5-d88f-4bfa-9ecf-c3e5979f02ad}",
            "name": "m20",
            "type": "RGB"
        },
        {
            "id": "{8a434b16-2d3a-45e3-94c8-3ef66433e409}",
            "name": "m21",
            "type": "RGB"
        },
        {
            "id": "{a9c66dbf-7a44-4262-ae06-b335604088dd}",
            "name": "m22",
            "type": "RGB"
        },
        {
            "id": "{3ed41d78-95aa-43c2-9d98-8d4b8ead5ce9}",
            "name": "m23",
            "type": "RGB"
        },
        {
            "id": "{751083b2-4449-4025-a29a-b93cf5067d96}",
            "name": "m24",
            "type": "RGB"
        },
        {
            "id": "{9f27a0eb-ee41-45fb-a088-210902b8a982}",
            "name": "m25",
            "type": "RGB"
        },
        {
            "id": "{00599ce9-7b3c-4f14-8c45-2b01495924f3}",
            "name": "m26",
            "type": "RGB"
        },
        {
            "id": "{dfc39bab-3150-478b-81ed-8b2db02be157}",
            "name": "m27",
            "type": "RGB"
        },
        {
            "id": "{0b455c42-4fd7-4317-9ca3-0e7666e3cb63}",
            "name": "m28",
            "type": "RGB"
        },
        {
            "id": "{770e3e8c-bbb8-4c5e-848d-0f234e5d0a31}",
            "name": "m29",
            "type": "RGB"
        },
        {
            "id": "{70e69d3f-90cd-406e-8000-31d452452e57}",
            "name": "m31",
            "type": "RGB"
        },
        {
            "id": "{eef86536-35f2-4668-9e11-9e083d297205}",
            "name": "m32",
            "type": "RGB"
        },
        {
            "id": "{b9495c03-d680-4ad6-b14f-a0457fadbf30}",
            "name": "m33",
            "type": "RGB"
        },
        {
            "id": "{012ba533-3d7b-490d-b2cb-6e596bcca52d}",
            "name": "m34",
            "type": "RGB"
        },
        {
            "id": "{18344e39-2f4c-42ba-9e29-d04d480be557}",
            "name": "m35",
            "type": "RGB"
        },
        {
            "id": "{12d2eb51-957e-45f2-930c-156b086de8f7}",
            "name": "m36",
            "type": "RGB"
        },
        {
            "id": "{02103584-8e77-4ff5-8db6-224bd92f6c8f}",
            "name": "m37",
            "type": "RGB"
        },
        {
            "id": "{a73bfe7b-e54d-4393-b977-8cb1b1c6b9b3}",
            "name": "m38",
            "type": "RGB"
        },
        {
            "id": "{c0b1b2ea-f77e-491c-bea8-b5531fa7fa72}",
            "name": "m39",
            "type": "RGB"
        },
        {
            "id": "{471d8ec6-b6c4-4457-9766-e389e1fb76a8}",
            "name": "m40",
            "type": "RGB"
        },
        {
            "id": "{247ecff7-ff6b-469d-8c8f-9df8c59e2504}",
            "name": "m41",
            "type": "RGB"
        },
        {
            "id": "{021b329b-fb30-4d6e-b1ce-9e830607ff1f}",
            "name": "m42",
            "type": "RGB"
        },
        {
            "id": "{4a0f8136-3183-4616-bf14-1e5e075c5f8e}",
            "name": "m43",
            "type": "RGB"
        },
        {
            "id": "{3b560a14-23e7-4c9c-94bf-78a1b4dbb7cf}",
            "name": "m44",
            "type": "RGB"
        },
        {
            "id": "{03d3cb8d-3f91-4207-9138-3cb18e3e2a65}",
            "name": "m45",
            "type": "RGB"
        },
        {
            "id": "{56471758-6d62-44d1-bc9e-37ef65df54fb}",
            "name": "m46",
            "type": "RGB"
        },
        {
            "id": "{f34826ee-0b69-4312-b226-bc0b1ba7810c}",
            "name": "m47",
            "type": "RGB"
        },
        {
            "id": "{2a00cdc8-9df0-4854-82dd-323faa0836be}",
            "name": "m48",
            "type": "RGB"
        },
        {
            "id": "{5e15a383-fb0e-4490-938b-7772ccb95fdf}",
            "name": "m49",
            "type": "RGB"
        },
        {
            "id": "{0aee4bf2-75bf-4ede-be49-54d84184eabc}",
            "name": "m50",
            "type": "RGB"
        },
        {
            "id": "{278e3729-fc9d-401b-9b17-3ad717199844}",
            "name": "m51",
            "type": "RGB"
        },
        {
            "id": "{f3e90448-6b10-40a6-a210-bf4780113b0f}",
            "name": "m52",
            "type": "RGB"
        },
        {
            "id": "{396fcc25-2202-47af-b7ee-5809eabe12e0}",
            "name": "m53",
            "type": "RGB"
        },
        {
            "id": "{acac8932-6d37-43a0-aaf9-27a90f7c428a}",
            "name": "m54",
            "type": "RGB"
        },
        {
            "id": "{384117d2-2082-4dab-8eeb-bf13cc6c330c}",
            "name": "m55",
            "type": "RGB"
        },
        {
            "id": "{fe96dadb-10c7-4db4-95a1-422812bf49db}",
            "name": "m56",
            "type": "RGB"
        },
        {
            "id": "{55888344-11fa-4d04-9f7b-f6deb1818efc}",
            "name": "m57",
            "type": "RGB"
        },
        {
            "id": "{d8385177-f000-4e00-973b-81a4eb95c8d7}",
            "name": "m58",
            "type": "RGB"
        },
        {
            "id": "{ccc2cfeb-8b92-4ba0-ab1b-eab5268a379f}",
            "name": "m59",
            "type": "RGB"
        },
        {
            "id": "{f2692120-22d3-46eb-81cd-1355196169a2}",
            "name": "m30",
            "type": "RGB"
        },
        {
            "id": "{87c6c0c0-6452-4086-85e3-b2d300e4c73c}",
            "name": "AM",
            "type": "RGB"
        },
        {
            "id": "{7899f091-92fa-4a81-98fc-a998171a7789}",
            "name": "weather",
            "type": "RGB"
        },
        {
            "id": "{7e82b7db-4b62-491c-9eac-1035a0c4948c}",
            "name": "background5",
            "type": "RGB"
        },
        {
            "id": "{060e2441-c07e-4779-af6e-b417d0ef2f1a}",
            "name": "InfoPage2",
            "type": "RGB"
        },
        {
            "id": "{29005683-f03b-4e1e-8771-68584d85810b}",
            "name": "Microchip_logo_150x30",
            "type": "RGB"
        },
        {
            "id": "{698abf7e-af83-4d21-b5fe-ffcf874de166}",
            "name": "MHGC_200x200_white",
            "type": "RGB"
        },
        {
            "id": "{71a028dc-1063-4460-bc1d-83e50f87ef72}",
            "name": "InfoPage3",
            "type": "RGB"
        }
    ],
    "paths": [
    ]
}
