{
    "sourceFileName": "1200px-Heart_corazón.bmp",
    "sourceFileFormat": "Raw",
    "folder": "/",
    "operations": [
        {
            "newSize": {
                "width": 39,
                "height": 39
            },
            "type": "Resize",
            "oldSize": {
                "width": 50,
                "height": 50
            }
        },
        {
            "newSize": {
                "width": 34,
                "height": 34
            },
            "type": "Resize",
            "oldSize": {
                "width": 39,
                "height": 39
            }
        },
        {
            "newSize": {
                "width": 31,
                "height": 31
            },
            "type": "Resize",
            "oldSize": {
                "width": 34,
                "height": 34
            }
        }
    ],
    "sourceFileWidth": 50,
    "sourceFileHeight": 50,
    "imageType": "Raw",
    "properties": {
        "OutputSize": {
            "Height": 31,
            "Width": 31
        },
        "OutputMode": "RGB_565",
        "OutputFormat": "Raw",
        "UniquePalette": false,
        "MaskEnable": false,
        "Name": "_1200px_Heart_coraz_n",
        "ImportSize": {
            "Height": 50,
            "Width": 50
        },
        "MaskColor": {
            "Red": 0,
            "Gray": 0,
            "OutputMode": "RGB_565",
            "Blue": 0,
            "Alpha": 1,
            "Green": 0
        },
        "GeneratePalette": false,
        "BitsPerPixel": 2,
        "UniquePixelCount": 20,
        "MemoryLocation": "Internal Flash",
        "SizeBytes": 1922
    }
}