{
    "sourceFileName": "GFX_mplab_40x40.png",
    "sourceFileFormat": "Raw",
    "folder": "/",
    "sourceFileWidth": 40,
    "sourceFileHeight": 40,
    "imageType": "Raw",
    "properties": {
        "OutputSize": {
            "Height": 40,
            "Width": 40
        },
        "OutputMode": "RGB_565",
        "OutputFormat": "Raw",
        "UniquePalette": false,
        "MaskEnable": true,
        "Name": "RAW_GFX_mplab_40x40",
        "ImportSize": {
            "Height": 40,
            "Width": 40
        },
        "MaskColor": {
            "Red": 0,
            "Gray": 0,
            "OutputMode": "RGB_565",
            "Blue": 0,
            "Alpha": 1,
            "Green": 0
        },
        "GeneratePalette": false,
        "BitsPerPixel": 2,
        "UniquePixelCount": 80,
        "MemoryLocation": "Internal Flash",
        "SizeBytes": 3200
    }
}