{
    "ranges": [{
        "name": "Basic Latin",
        "start": 48,
        "end": 57
    }],
    "name": "NotoSans_Bold_Time2",
    "properties": {
        "Antialias": {
            "type": "BOOLEAN",
            "value": true
        },
        "Size": {
            "type": "INTEGER",
            "value": 80
        },
        "SourceName": {
            "type": "TEXT",
            "value": "NotoSans-Bold.ttf"
        },
        "MemoryLocation": {
            "type": "MEMORY_LOC",
            "value": "Internal Flash"
        },
        "Name": {
            "type": "TEXT",
            "value": "NotoSans_Bold_Time2"
        }
    }
}