[
    {"name": "toast"},
    {"name": "start"},
    {"name": "bake100"},
    {"name": "broil100"},
    {"name": "cook100"},
    {"name": "reheat100"},
    {"name": "time30"},
    {"name": "Microchip_logo_150x30"},
    {"name": "bacon70"},
    {"name": "hotdog70"},
    {"name": "kabobs70"},
    {"name": "meat70"},
    {"name": "veggies70"},
    {"name": "main_rect"},
    {"name": "progress_needle"},
    {"name": "cancel_80"},
    {"name": "ok_80"},
    {"name": "rgbsmall"},
    {"name": "steak_photo_70"},
    {"name": "salmon_photo_70"},
    {"name": "pizza_photo70"},
    {"name": "pasta_photo_70"},
    {"name": "gscalesmall"},
    {"name": "MHGC_120x120"},
    {"name": "mchp_black"},
    {"name": "DemoOn"},
    {"name": "DemoOff"},
    {"name": "cook2"},
    {"name": "reheat2"},
    {"name": "cancel2"},
    {"name": "ok2"},
    {"name": "smartstart2"}
]