{
    "sourceFileName": "CrossFade3.bmp",
    "sourceFileFormat": "Raw",
    "folder": "/",
    "sourceFileWidth": 240,
    "sourceFileHeight": 139,
    "imageType": "Raw",
    "properties": {
        "OutputSize": {
            "Height": 139,
            "Width": 240
        },
        "OutputMode": "RGB_565",
        "OutputFormat": "Raw",
        "UniquePalette": false,
        "MaskEnable": false,
        "Name": "CrossFade3",
        "ImportSize": {
            "Height": 139,
            "Width": 240
        },
        "MaskColor": {
            "Red": 0,
            "Gray": 0,
            "OutputMode": "RGB_565",
            "Blue": 0,
            "Alpha": 1,
            "Green": 0
        },
        "GeneratePalette": false,
        "BitsPerPixel": 2,
        "UniquePixelCount": 917,
        "MemoryLocation": "Internal Flash",
        "SizeBytes": 66720
    }
}