{
    "bindings": [
        {
            "font": "{0bd0ca87-e8a2-4b22-b7d1-b9578a36238b}",
            "language": "{bb3374cd-2181-4ae9-b357-b40928341c51}",
            "string": "{01511ecf-3697-4954-918d-13785a32b9d0}"
        },
        {
            "font": "{0bd0ca87-e8a2-4b22-b7d1-b9578a36238b}",
            "language": "{bb3374cd-2181-4ae9-b357-b40928341c51}",
            "string": "{068f80c8-ee83-4608-9dc5-cf6f18fe59d5}"
        },
        {
            "font": "{0bd0ca87-e8a2-4b22-b7d1-b9578a36238b}",
            "language": "{bb3374cd-2181-4ae9-b357-b40928341c51}",
            "string": "{4a913da0-772b-4755-b49c-1a57870bfc27}"
        },
        {
            "font": "{0bd0ca87-e8a2-4b22-b7d1-b9578a36238b}",
            "language": "{bb3374cd-2181-4ae9-b357-b40928341c51}",
            "string": "{7b20c7a0-8186-473d-8363-829da1a40c77}"
        },
        {
            "font": "{0a21d12d-acd9-457b-8d72-d6fd5a02626e}",
            "language": "{bb3374cd-2181-4ae9-b357-b40928341c51}",
            "string": "{80f419ec-f239-4eda-917a-60798cb355f3}"
        },
        {
            "font": "{0bd0ca87-e8a2-4b22-b7d1-b9578a36238b}",
            "language": "{bb3374cd-2181-4ae9-b357-b40928341c51}",
            "string": "{97942fe2-89f6-4ac0-b3dc-cdb62b08c746}"
        },
        {
            "font": "{0bd0ca87-e8a2-4b22-b7d1-b9578a36238b}",
            "language": "{bb3374cd-2181-4ae9-b357-b40928341c51}",
            "string": "{9bc775de-a5a2-4df3-8af4-eee58f1fe0e5}"
        },
        {
            "font": "{0a21d12d-acd9-457b-8d72-d6fd5a02626e}",
            "language": "{bb3374cd-2181-4ae9-b357-b40928341c51}",
            "string": "{ed9441d4-4303-4c5b-b524-53a45c56cfd7}"
        }
    ],
    "defaultLanguage": "{bb3374cd-2181-4ae9-b357-b40928341c51}",
    "encoding": "ASCII",
    "languages": [
        {
            "properties": {
                "__categories": [
                ],
                "__groups": [
                ],
                "enabled": {
                    "enabled": true,
                    "type": "boolean",
                    "value": true,
                    "visible": true
                },
                "id": {
                    "enabled": true,
                    "type": "uuid",
                    "value": "{bb3374cd-2181-4ae9-b357-b40928341c51}",
                    "visible": true
                },
                "name": {
                    "enabled": true,
                    "type": "text",
                    "value": "default",
                    "visible": true
                }
            }
        }
    ],
    "paths": [
    ],
    "strings": [
        {
            "properties": {
                "__categories": [
                ],
                "__groups": [
                ],
                "description": {
                    "enabled": true,
                    "type": "text",
                    "value": "",
                    "visible": true
                },
                "id": {
                    "enabled": true,
                    "type": "uuid",
                    "value": "{01511ecf-3697-4954-918d-13785a32b9d0}",
                    "visible": true
                },
                "name": {
                    "enabled": true,
                    "type": "text",
                    "value": "String_Library",
                    "visible": true
                },
                "path": {
                    "enabled": true,
                    "type": "text",
                    "value": "/",
                    "visible": true
                }
            },
            "values": [
                {
                    "language": "{bb3374cd-2181-4ae9-b357-b40928341c51}",
                    "value": "Next-Gen High Performance Library"
                }
            ]
        },
        {
            "properties": {
                "__categories": [
                ],
                "__groups": [
                ],
                "description": {
                    "enabled": true,
                    "type": "text",
                    "value": "",
                    "visible": true
                },
                "id": {
                    "enabled": true,
                    "type": "uuid",
                    "value": "{068f80c8-ee83-4608-9dc5-cf6f18fe59d5}",
                    "visible": true
                },
                "name": {
                    "enabled": true,
                    "type": "text",
                    "value": "String_GfxController",
                    "visible": true
                },
                "path": {
                    "enabled": true,
                    "type": "text",
                    "value": "/",
                    "visible": true
                }
            },
            "values": [
                {
                    "language": "{bb3374cd-2181-4ae9-b357-b40928341c51}",
                    "value": "ILI9488 External Graphics Controller"
                }
            ]
        },
        {
            "properties": {
                "__categories": [
                ],
                "__groups": [
                ],
                "description": {
                    "enabled": true,
                    "type": "text",
                    "value": "",
                    "visible": true
                },
                "id": {
                    "enabled": true,
                    "type": "uuid",
                    "value": "{4a913da0-772b-4755-b49c-1a57870bfc27}",
                    "visible": true
                },
                "name": {
                    "enabled": true,
                    "type": "text",
                    "value": "String_Features",
                    "visible": true
                },
                "path": {
                    "enabled": true,
                    "type": "text",
                    "value": "/",
                    "visible": true
                }
            },
            "values": [
                {
                    "language": "{bb3374cd-2181-4ae9-b357-b40928341c51}",
                    "value": "Widgets: Label, Button, Panel, Image, Image Sequence"
                }
            ]
        },
        {
            "properties": {
                "__categories": [
                ],
                "__groups": [
                ],
                "description": {
                    "enabled": true,
                    "type": "text",
                    "value": "",
                    "visible": true
                },
                "id": {
                    "enabled": true,
                    "type": "uuid",
                    "value": "{7b20c7a0-8186-473d-8363-829da1a40c77}",
                    "visible": true
                },
                "name": {
                    "enabled": true,
                    "type": "text",
                    "value": "String_Device",
                    "visible": true
                },
                "path": {
                    "enabled": true,
                    "type": "text",
                    "value": "/",
                    "visible": true
                }
            },
            "values": [
                {
                    "language": "{bb3374cd-2181-4ae9-b357-b40928341c51}",
                    "value": "SAM E54 Curiosity Ultra"
                }
            ]
        },
        {
            "properties": {
                "__categories": [
                ],
                "__groups": [
                ],
                "description": {
                    "enabled": true,
                    "type": "text",
                    "value": "",
                    "visible": true
                },
                "id": {
                    "enabled": true,
                    "type": "uuid",
                    "value": "{80f419ec-f239-4eda-917a-60798cb355f3}",
                    "visible": true
                },
                "name": {
                    "enabled": true,
                    "type": "text",
                    "value": "String_Demonstrated",
                    "visible": true
                },
                "path": {
                    "enabled": true,
                    "type": "text",
                    "value": "/",
                    "visible": true
                }
            },
            "values": [
                {
                    "language": "{bb3374cd-2181-4ae9-b357-b40928341c51}",
                    "value": "Demonstrated Features"
                }
            ]
        },
        {
            "properties": {
                "__categories": [
                ],
                "__groups": [
                ],
                "description": {
                    "enabled": true,
                    "type": "text",
                    "value": "",
                    "visible": true
                },
                "id": {
                    "enabled": true,
                    "type": "uuid",
                    "value": "{97942fe2-89f6-4ac0-b3dc-cdb62b08c746}",
                    "visible": true
                },
                "name": {
                    "enabled": true,
                    "type": "text",
                    "value": "String_ColorDepth",
                    "visible": true
                },
                "path": {
                    "enabled": true,
                    "type": "text",
                    "value": "/",
                    "visible": true
                }
            },
            "values": [
                {
                    "language": "{bb3374cd-2181-4ae9-b357-b40928341c51}",
                    "value": "16-bit RGB565 Color Depth (65536 Colors)"
                }
            ]
        },
        {
            "properties": {
                "__categories": [
                ],
                "__groups": [
                ],
                "description": {
                    "enabled": true,
                    "type": "text",
                    "value": "",
                    "visible": true
                },
                "id": {
                    "enabled": true,
                    "type": "uuid",
                    "value": "{9bc775de-a5a2-4df3-8af4-eee58f1fe0e5}",
                    "visible": true
                },
                "name": {
                    "enabled": true,
                    "type": "text",
                    "value": "String_Resolution",
                    "visible": true
                },
                "path": {
                    "enabled": true,
                    "type": "text",
                    "value": "/",
                    "visible": true
                }
            },
            "values": [
                {
                    "language": "{bb3374cd-2181-4ae9-b357-b40928341c51}",
                    "value": "HVGA 480x320"
                }
            ]
        },
        {
            "properties": {
                "__categories": [
                ],
                "__groups": [
                ],
                "description": {
                    "enabled": true,
                    "type": "text",
                    "value": "",
                    "visible": true
                },
                "id": {
                    "enabled": true,
                    "type": "uuid",
                    "value": "{ed9441d4-4303-4c5b-b524-53a45c56cfd7}",
                    "visible": true
                },
                "name": {
                    "enabled": true,
                    "type": "text",
                    "value": "String_PressHere",
                    "visible": true
                },
                "path": {
                    "enabled": true,
                    "type": "text",
                    "value": "/",
                    "visible": true
                }
            },
            "values": [
                {
                    "language": "{bb3374cd-2181-4ae9-b357-b40928341c51}",
                    "value": "Press Here to Return"
                }
            ]
        }
    ]
}
