{
    "sourceFileName": "PIC32Logo.bmp",
    "sourceFileFormat": "Raw",
    "folder": "/",
    "sourceFileWidth": 240,
    "sourceFileHeight": 62,
    "imageType": "Raw",
    "properties": {
        "OutputSize": {
            "Height": 62,
            "Width": 240
        },
        "OutputMode": "RGB_565",
        "OutputFormat": "RLE",
        "UniquePalette": false,
        "MaskEnable": false,
        "Name": "PIC32Logo",
        "ImportSize": {
            "Height": 62,
            "Width": 240
        },
        "MaskColor": {
            "Red": 0,
            "Gray": 0,
            "OutputMode": "RGB_565",
            "Blue": 0,
            "Alpha": 255,
            "Green": 0
        },
        "GeneratePalette": false,
        "BitsPerPixel": 2,
        "UniquePixelCount": 488,
        "MemoryLocation": "Internal Flash",
        "SizeBytes": 10940
    }
}