[
    {"name": "Bar"},
    {"name": "HarmonyLogo"},
    {"name": "MicrochipLogo"},
    {"name": "PIC32Logo"},
    {"name": "Jump0"},
    {"name": "Jump1"},
    {"name": "Jump2"},
    {"name": "Jump3"},
    {"name": "Jump4"},
    {"name": "Jump5"},
    {"name": "Jump6"},
    {"name": "Jump7"},
    {"name": "Dizzy0"},
    {"name": "Dizzy1"},
    {"name": "Dizzy2"},
    {"name": "DizzyLeft0"},
    {"name": "DizzyLeft1"},
    {"name": "DizzyLeft2"},
    {"name": "Hurt0"},
    {"name": "Hurt1"},
    {"name": "Hurt2"},
    {"name": "Hurt3"},
    {"name": "HurtLeft0"},
    {"name": "HurtLeft1"},
    {"name": "HurtLeft2"},
    {"name": "HurtLeft3"},
    {"name": "Idle0"},
    {"name": "Idle1"},
    {"name": "Idle2"},
    {"name": "Idle3"},
    {"name": "IdleLeft0"},
    {"name": "IdleLeft1"},
    {"name": "IdleLeft2"},
    {"name": "IdleLeft3"},
    {"name": "JumpLeft0"},
    {"name": "JumpLeft1"},
    {"name": "JumpLeft2"},
    {"name": "JumpLeft3"},
    {"name": "JumpLeft4"},
    {"name": "JumpLeft5"},
    {"name": "JumpLeft6"},
    {"name": "JumpLeft7"},
    {"name": "Run0"},
    {"name": "Run1"},
    {"name": "Run2"},
    {"name": "RunToLeft0"},
    {"name": "RunToLeft1"},
    {"name": "RunToLeft2"},
    {"name": "MHGSLogo"},
    {"name": "mchp_logo"}
]