{
    "name": "ArialSmall",
    "properties": {
        "Antialias": {
            "type": "BOOLEAN",
            "value": false
        },
        "Size": {
            "type": "INTEGER",
            "value": 48
        },
        "SourceName": {
            "type": "TEXT",
            "value": "NotoSans-Regular.ttf"
        },
        "MemoryLocation": {
            "type": "MEMORY_LOC",
            "value": "Internal Flash"
        },
        "Name": {
            "type": "TEXT",
            "value": "ArialSmall"
        }
    }
}