{
    "sourceFileName": "Battery.png",
    "sourceFileFormat": "Raw",
    "folder": "/",
    "operations": [
        {
            "newSize": {
                "width": 67,
                "height": 25
            },
            "type": "Resize",
            "oldSize": {
                "width": 80,
                "height": 30
            }
        },
        {
            "newSize": {
                "width": 64,
                "height": 24
            },
            "type": "Resize",
            "oldSize": {
                "width": 67,
                "height": 25
            }
        }
    ],
    "sourceFileWidth": 80,
    "sourceFileHeight": 30,
    "imageType": "Raw",
    "properties": {
        "OutputSize": {
            "Height": 24,
            "Width": 64
        },
        "OutputMode": "RGB_565",
        "OutputFormat": "Raw",
        "UniquePalette": false,
        "MaskEnable": false,
        "Name": "Battery",
        "ImportSize": {
            "Height": 30,
            "Width": 80
        },
        "MaskColor": {
            "Red": 0,
            "Gray": 0,
            "OutputMode": "RGB_565",
            "Blue": 0,
            "Alpha": 1,
            "Green": 0
        },
        "GeneratePalette": true,
        "BitsPerPixel": 2,
        "UniquePixelCount": 2,
        "MemoryLocation": "Internal Flash",
        "SizeBytes": 3072
    }
}