{
    "name": "NotoSans_Regular_20",
    "properties": {
        "Antialias": {
            "type": "BOOLEAN",
            "value": true
        },
        "Size": {
            "type": "INTEGER",
            "value": 25
        },
        "SourceName": {
            "type": "TEXT",
            "value": "NotoSans-Regular.ttf"
        },
        "MemoryLocation": {
            "type": "MEMORY_LOC",
            "value": "Internal Flash"
        },
        "Name": {
            "type": "TEXT",
            "value": "NotoSans_Regular_20"
        }
    }
}