{
    "hidden": false,
    "children": [{
        "hidden": false,
        "children": [
            {
                "hidden": false,
                "locked": false,
                "type": "PanelWidget",
                "properties": {
                    "HAlignment": {
                        "type": "TEXT",
                        "value": "Center"
                    },
                    "Scheme": {
                        "type": "SCHEME",
                        "value": "WhiteBackgroundScheme"
                    },
                    "AlphaAmount": {
                        "type": "INTEGER",
                        "value": 255
                    },
                    "Position": {
                        "X": {
                            "type": "INTEGER",
                            "value": 0
                        },
                        "Y": {
                            "type": "INTEGER",
                            "value": 0
                        }
                    },
                    "Size": {
                        "Height": {
                            "type": "INTEGER",
                            "value": 480
                        },
                        "Width": {
                            "type": "INTEGER",
                            "value": 800
                        }
                    },
                    "MarginRight": {
                        "type": "INTEGER",
                        "value": 4
                    },
                    "Enabled": {
                        "type": "BOOLEAN",
                        "value": true
                    },
                    "MarginTop": {
                        "type": "INTEGER",
                        "value": 4
                    },
                    "Name": {
                        "type": "TEXT",
                        "value": "PanelWidget0"
                    },
                    "AlphaEnable": {
                        "type": "BOOLEAN",
                        "value": false
                    },
                    "VAlignment": {
                        "type": "TEXT",
                        "value": "Middle"
                    },
                    "BackgroundType": {
                        "type": "TEXT",
                        "value": "Fill"
                    },
                    "MarginBottom": {
                        "type": "INTEGER",
                        "value": 4
                    },
                    "Visible": {
                        "type": "BOOLEAN",
                        "value": true
                    },
                    "BorderType": {
                        "type": "TEXT",
                        "value": "None"
                    },
                    "MarginLeft": {
                        "type": "INTEGER",
                        "value": 4
                    }
                }
            },
            {
                "hidden": false,
                "locked": false,
                "type": "ImageWidget",
                "properties": {
                    "HAlignment": {
                        "type": "TEXT",
                        "value": "Center"
                    },
                    "Scheme": {
                        "type": "SCHEME",
                        "value": ""
                    },
                    "AlphaAmount": {
                        "type": "INTEGER",
                        "value": 255
                    },
                    "Position": {
                        "X": {
                            "type": "INTEGER",
                            "value": 591
                        },
                        "Y": {
                            "type": "INTEGER",
                            "value": 36
                        }
                    },
                    "Size": {
                        "Height": {
                            "type": "INTEGER",
                            "value": 165
                        },
                        "Width": {
                            "type": "INTEGER",
                            "value": 170
                        }
                    },
                    "MarginRight": {
                        "type": "INTEGER",
                        "value": 4
                    },
                    "Enabled": {
                        "type": "BOOLEAN",
                        "value": true
                    },
                    "MarginTop": {
                        "type": "INTEGER",
                        "value": 4
                    },
                    "Image": {
                        "type": "IMAGE",
                        "value": "MHGSLogo"
                    },
                    "Name": {
                        "type": "TEXT",
                        "value": "ImageWidget1"
                    },
                    "AlphaEnable": {
                        "type": "BOOLEAN",
                        "value": false
                    },
                    "VAlignment": {
                        "type": "TEXT",
                        "value": "Middle"
                    },
                    "BackgroundType": {
                        "type": "TEXT",
                        "value": "None"
                    },
                    "MarginBottom": {
                        "type": "INTEGER",
                        "value": 4
                    },
                    "Visible": {
                        "type": "BOOLEAN",
                        "value": true
                    },
                    "BorderType": {
                        "type": "TEXT",
                        "value": "None"
                    },
                    "MarginLeft": {
                        "type": "INTEGER",
                        "value": 4
                    }
                }
            },
            {
                "hidden": false,
                "locked": false,
                "type": "LabelWidget",
                "properties": {
                    "HAlignment": {
                        "type": "TEXT",
                        "value": "Left"
                    },
                    "Scheme": {
                        "type": "SCHEME",
                        "value": ""
                    },
                    "AlphaAmount": {
                        "type": "INTEGER",
                        "value": 255
                    },
                    "Position": {
                        "X": {
                            "type": "INTEGER",
                            "value": 30
                        },
                        "Y": {
                            "type": "INTEGER",
                            "value": 20
                        }
                    },
                    "Size": {
                        "Height": {
                            "type": "INTEGER",
                            "value": 31
                        },
                        "Width": {
                            "type": "INTEGER",
                            "value": 234
                        }
                    },
                    "MarginRight": {
                        "type": "INTEGER",
                        "value": 4
                    },
                    "Enabled": {
                        "type": "BOOLEAN",
                        "value": true
                    },
                    "MarginTop": {
                        "type": "INTEGER",
                        "value": 4
                    },
                    "Name": {
                        "type": "TEXT",
                        "value": "LabelWidget0"
                    },
                    "AlphaEnable": {
                        "type": "BOOLEAN",
                        "value": false
                    },
                    "VAlignment": {
                        "type": "TEXT",
                        "value": "Middle"
                    },
                    "BackgroundType": {
                        "type": "TEXT",
                        "value": "None"
                    },
                    "StringID": {
                        "type": "STRING",
                        "value": "String_Demonstrated"
                    },
                    "MarginBottom": {
                        "type": "INTEGER",
                        "value": 4
                    },
                    "Visible": {
                        "type": "BOOLEAN",
                        "value": true
                    },
                    "BorderType": {
                        "type": "TEXT",
                        "value": "None"
                    },
                    "MarginLeft": {
                        "type": "INTEGER",
                        "value": 4
                    }
                }
            },
            {
                "hidden": false,
                "locked": false,
                "type": "LabelWidget",
                "properties": {
                    "HAlignment": {
                        "type": "TEXT",
                        "value": "Left"
                    },
                    "Scheme": {
                        "type": "SCHEME",
                        "value": ""
                    },
                    "AlphaAmount": {
                        "type": "INTEGER",
                        "value": 255
                    },
                    "Position": {
                        "X": {
                            "type": "INTEGER",
                            "value": 30
                        },
                        "Y": {
                            "type": "INTEGER",
                            "value": 70
                        }
                    },
                    "Size": {
                        "Height": {
                            "type": "INTEGER",
                            "value": 40
                        },
                        "Width": {
                            "type": "INTEGER",
                            "value": 189
                        }
                    },
                    "MarginRight": {
                        "type": "INTEGER",
                        "value": 4
                    },
                    "Enabled": {
                        "type": "BOOLEAN",
                        "value": true
                    },
                    "MarginTop": {
                        "type": "INTEGER",
                        "value": 4
                    },
                    "Name": {
                        "type": "TEXT",
                        "value": "LabelWidget1"
                    },
                    "AlphaEnable": {
                        "type": "BOOLEAN",
                        "value": false
                    },
                    "VAlignment": {
                        "type": "TEXT",
                        "value": "Middle"
                    },
                    "BackgroundType": {
                        "type": "TEXT",
                        "value": "None"
                    },
                    "StringID": {
                        "type": "STRING",
                        "value": "String_Device"
                    },
                    "MarginBottom": {
                        "type": "INTEGER",
                        "value": 4
                    },
                    "Visible": {
                        "type": "BOOLEAN",
                        "value": true
                    },
                    "BorderType": {
                        "type": "TEXT",
                        "value": "None"
                    },
                    "MarginLeft": {
                        "type": "INTEGER",
                        "value": 4
                    }
                }
            },
            {
                "hidden": false,
                "locked": false,
                "type": "LabelWidget",
                "properties": {
                    "HAlignment": {
                        "type": "TEXT",
                        "value": "Left"
                    },
                    "Scheme": {
                        "type": "SCHEME",
                        "value": ""
                    },
                    "AlphaAmount": {
                        "type": "INTEGER",
                        "value": 255
                    },
                    "Position": {
                        "X": {
                            "type": "INTEGER",
                            "value": 30
                        },
                        "Y": {
                            "type": "INTEGER",
                            "value": 120
                        }
                    },
                    "Size": {
                        "Height": {
                            "type": "INTEGER",
                            "value": 34
                        },
                        "Width": {
                            "type": "INTEGER",
                            "value": 319
                        }
                    },
                    "MarginRight": {
                        "type": "INTEGER",
                        "value": 4
                    },
                    "Enabled": {
                        "type": "BOOLEAN",
                        "value": true
                    },
                    "MarginTop": {
                        "type": "INTEGER",
                        "value": 4
                    },
                    "Name": {
                        "type": "TEXT",
                        "value": "LabelWidget2"
                    },
                    "AlphaEnable": {
                        "type": "BOOLEAN",
                        "value": false
                    },
                    "VAlignment": {
                        "type": "TEXT",
                        "value": "Middle"
                    },
                    "BackgroundType": {
                        "type": "TEXT",
                        "value": "None"
                    },
                    "StringID": {
                        "type": "STRING",
                        "value": "String_GfxController"
                    },
                    "MarginBottom": {
                        "type": "INTEGER",
                        "value": 4
                    },
                    "Visible": {
                        "type": "BOOLEAN",
                        "value": true
                    },
                    "BorderType": {
                        "type": "TEXT",
                        "value": "None"
                    },
                    "MarginLeft": {
                        "type": "INTEGER",
                        "value": 4
                    }
                }
            },
            {
                "hidden": false,
                "locked": false,
                "type": "LabelWidget",
                "properties": {
                    "HAlignment": {
                        "type": "TEXT",
                        "value": "Left"
                    },
                    "Scheme": {
                        "type": "SCHEME",
                        "value": ""
                    },
                    "AlphaAmount": {
                        "type": "INTEGER",
                        "value": 255
                    },
                    "Position": {
                        "X": {
                            "type": "INTEGER",
                            "value": 31
                        },
                        "Y": {
                            "type": "INTEGER",
                            "value": 170
                        }
                    },
                    "Size": {
                        "Height": {
                            "type": "INTEGER",
                            "value": 40
                        },
                        "Width": {
                            "type": "INTEGER",
                            "value": 360
                        }
                    },
                    "MarginRight": {
                        "type": "INTEGER",
                        "value": 4
                    },
                    "Enabled": {
                        "type": "BOOLEAN",
                        "value": true
                    },
                    "MarginTop": {
                        "type": "INTEGER",
                        "value": 4
                    },
                    "Name": {
                        "type": "TEXT",
                        "value": "LabelWidget3"
                    },
                    "AlphaEnable": {
                        "type": "BOOLEAN",
                        "value": false
                    },
                    "VAlignment": {
                        "type": "TEXT",
                        "value": "Middle"
                    },
                    "BackgroundType": {
                        "type": "TEXT",
                        "value": "None"
                    },
                    "StringID": {
                        "type": "STRING",
                        "value": "String_ColorDepth"
                    },
                    "MarginBottom": {
                        "type": "INTEGER",
                        "value": 4
                    },
                    "Visible": {
                        "type": "BOOLEAN",
                        "value": true
                    },
                    "BorderType": {
                        "type": "TEXT",
                        "value": "None"
                    },
                    "MarginLeft": {
                        "type": "INTEGER",
                        "value": 4
                    }
                }
            },
            {
                "hidden": false,
                "locked": false,
                "type": "LabelWidget",
                "properties": {
                    "HAlignment": {
                        "type": "TEXT",
                        "value": "Left"
                    },
                    "Scheme": {
                        "type": "SCHEME",
                        "value": ""
                    },
                    "AlphaAmount": {
                        "type": "INTEGER",
                        "value": 255
                    },
                    "Position": {
                        "X": {
                            "type": "INTEGER",
                            "value": 31
                        },
                        "Y": {
                            "type": "INTEGER",
                            "value": 220
                        }
                    },
                    "Size": {
                        "Height": {
                            "type": "INTEGER",
                            "value": 40
                        },
                        "Width": {
                            "type": "INTEGER",
                            "value": 290
                        }
                    },
                    "MarginRight": {
                        "type": "INTEGER",
                        "value": 4
                    },
                    "Enabled": {
                        "type": "BOOLEAN",
                        "value": true
                    },
                    "MarginTop": {
                        "type": "INTEGER",
                        "value": 4
                    },
                    "Name": {
                        "type": "TEXT",
                        "value": "LabelWidget4"
                    },
                    "AlphaEnable": {
                        "type": "BOOLEAN",
                        "value": false
                    },
                    "VAlignment": {
                        "type": "TEXT",
                        "value": "Middle"
                    },
                    "BackgroundType": {
                        "type": "TEXT",
                        "value": "None"
                    },
                    "StringID": {
                        "type": "STRING",
                        "value": "String_Library"
                    },
                    "MarginBottom": {
                        "type": "INTEGER",
                        "value": 4
                    },
                    "Visible": {
                        "type": "BOOLEAN",
                        "value": true
                    },
                    "BorderType": {
                        "type": "TEXT",
                        "value": "None"
                    },
                    "MarginLeft": {
                        "type": "INTEGER",
                        "value": 4
                    }
                }
            },
            {
                "hidden": false,
                "locked": false,
                "type": "LabelWidget",
                "properties": {
                    "HAlignment": {
                        "type": "TEXT",
                        "value": "Left"
                    },
                    "Scheme": {
                        "type": "SCHEME",
                        "value": ""
                    },
                    "AlphaAmount": {
                        "type": "INTEGER",
                        "value": 255
                    },
                    "Position": {
                        "X": {
                            "type": "INTEGER",
                            "value": 31
                        },
                        "Y": {
                            "type": "INTEGER",
                            "value": 270
                        }
                    },
                    "Size": {
                        "Height": {
                            "type": "INTEGER",
                            "value": 40
                        },
                        "Width": {
                            "type": "INTEGER",
                            "value": 430
                        }
                    },
                    "MarginRight": {
                        "type": "INTEGER",
                        "value": 4
                    },
                    "Enabled": {
                        "type": "BOOLEAN",
                        "value": true
                    },
                    "MarginTop": {
                        "type": "INTEGER",
                        "value": 4
                    },
                    "Name": {
                        "type": "TEXT",
                        "value": "LabelWidget5"
                    },
                    "AlphaEnable": {
                        "type": "BOOLEAN",
                        "value": false
                    },
                    "VAlignment": {
                        "type": "TEXT",
                        "value": "Middle"
                    },
                    "BackgroundType": {
                        "type": "TEXT",
                        "value": "None"
                    },
                    "StringID": {
                        "type": "STRING",
                        "value": "String_Features"
                    },
                    "MarginBottom": {
                        "type": "INTEGER",
                        "value": 4
                    },
                    "Visible": {
                        "type": "BOOLEAN",
                        "value": true
                    },
                    "BorderType": {
                        "type": "TEXT",
                        "value": "None"
                    },
                    "MarginLeft": {
                        "type": "INTEGER",
                        "value": 4
                    }
                }
            },
            {
                "hidden": false,
                "locked": false,
                "type": "ButtonWidget",
                "properties": {
                    "HAlignment": {
                        "type": "TEXT",
                        "value": "Center"
                    },
                    "Pressed": {
                        "type": "BOOLEAN",
                        "value": false
                    },
                    "Scheme": {
                        "type": "SCHEME",
                        "value": "WhiteBackgroundScheme"
                    },
                    "ImageMargin": {
                        "type": "INTEGER",
                        "value": 10
                    },
                    "Size": {
                        "Height": {
                            "type": "INTEGER",
                            "value": 45
                        },
                        "Width": {
                            "type": "INTEGER",
                            "value": 213
                        }
                    },
                    "Toggleable": {
                        "type": "BOOLEAN",
                        "value": false
                    },
                    "MarginTop": {
                        "type": "INTEGER",
                        "value": 4
                    },
                    "Name": {
                        "type": "TEXT",
                        "value": "ButtonWidget0"
                    },
                    "AlphaEnable": {
                        "type": "BOOLEAN",
                        "value": false
                    },
                    "PressedEvent": {
                        "type": "BOOLEAN",
                        "value": false
                    },
                    "VAlignment": {
                        "type": "TEXT",
                        "value": "Middle"
                    },
                    "PressedImage": {
                        "type": "IMAGE",
                        "value": ""
                    },
                    "PressedOffset": {
                        "type": "INTEGER",
                        "value": 1
                    },
                    "StringID": {
                        "type": "STRING",
                        "value": "String_PressHere"
                    },
                    "MarginBottom": {
                        "type": "INTEGER",
                        "value": 4
                    },
                    "Visible": {
                        "type": "BOOLEAN",
                        "value": true
                    },
                    "AlphaAmount": {
                        "type": "INTEGER",
                        "value": 255
                    },
                    "Position": {
                        "X": {
                            "type": "INTEGER",
                            "value": 568
                        },
                        "Y": {
                            "type": "INTEGER",
                            "value": 420
                        }
                    },
                    "ImagePosition": {
                        "type": "TEXT",
                        "value": "LeftOf"
                    },
                    "MarginRight": {
                        "type": "INTEGER",
                        "value": 4
                    },
                    "Enabled": {
                        "type": "BOOLEAN",
                        "value": true
                    },
                    "ReleasedEvent": {
                        "type": "BOOLEAN",
                        "value": true
                    },
                    "BackgroundType": {
                        "type": "TEXT",
                        "value": "Fill"
                    },
                    "ReleasedImage": {
                        "type": "IMAGE",
                        "value": ""
                    },
                    "BorderType": {
                        "type": "TEXT",
                        "value": "Bevel"
                    },
                    "MarginLeft": {
                        "type": "INTEGER",
                        "value": 4
                    }
                },
                "events": {
                    "ReleasedEvent": {
                        "mode": "GENERATE",
                        "pretty_name": "Released",
                        "name": "ReleasedEvent",
                        "actions": [{
                            "targetName": "MainScreen",
                            "name": "Show Screen (MainScreen)",
                            "targetType": "Screen",
                            "arguments": {},
                            "screenName": "InfoScreen",
                            "type": "template",
                            "actionName": "ShowScreen"
                        }],
                        "enabled": "true"
                    },
                    "PressedEvent": {
                        "mode": "GENERATE",
                        "pretty_name": "Pressed",
                        "name": "PressedEvent",
                        "enabled": "false"
                    }
                }
            }
        ],
        "locked": false,
        "type": "Layer",
        "properties": {
            "AlphaAmount": {
                "type": "INTEGER",
                "value": 255
            },
            "Visible": {
                "type": "BOOLEAN",
                "value": true
            },
            "Name": {
                "type": "TEXT",
                "value": "Layer0"
            },
            "AlphaEnable": {
                "type": "BOOLEAN",
                "value": false
            }
        }
    }],
    "locked": false,
    "properties": {
        "Active": {
            "type": "BOOLEAN",
            "value": true
        },
        "CreateAtStartup": {
            "type": "BOOLEAN",
            "value": false
        },
        "Primary": {
            "type": "BOOLEAN",
            "value": false
        },
        "Visible": {
            "type": "BOOLEAN",
            "value": true
        },
        "Export": {
            "type": "BOOLEAN",
            "value": true
        },
        "Persistent": {
            "type": "BOOLEAN",
            "value": false
        },
        "HideEvent": {
            "type": "BOOLEAN",
            "value": false
        },
        "Name": {
            "type": "TEXT",
            "value": "InfoScreen"
        },
        "ShowEvent": {
            "type": "BOOLEAN",
            "value": false
        },
        "UpdateEvent": {
            "type": "BOOLEAN",
            "value": false
        }
    },
    "events": {
        "HideEvent": {
            "mode": "GENERATE",
            "pretty_name": "On Hide",
            "name": "HideEvent",
            "enabled": "false"
        },
        "ShowEvent": {
            "mode": "GENERATE",
            "pretty_name": "On Show",
            "name": "ShowEvent",
            "enabled": "false"
        },
        "UpdateEvent": {
            "mode": "GENERATE",
            "pretty_name": "On Update",
            "name": "UpdateEvent",
            "enabled": "false"
        }
    }
}