{
    "defaultScheme": "defaultScheme",
    "schemes": [
        {
            "name": "defaultScheme",
            "properties": {
                "ForegroundInactive": {
                    "Red": 0.8392157,
                    "Palette": 254,
                    "Gray": 0.88049024,
                    "Blue": 0.90588236,
                    "Alpha": 1,
                    "Green": 0.8901961
                },
                "TextHighlight": {
                    "Red": 0,
                    "Palette": 12,
                    "Gray": 0.0722,
                    "Blue": 1,
                    "Alpha": 1,
                    "Green": 0
                },
                "Highlight": {
                    "Red": 0.78431374,
                    "Palette": 252,
                    "Gray": 0.8101491,
                    "Blue": 0.83137256,
                    "Alpha": 1,
                    "Green": 0.8156863
                },
                "HighlightLight": {
                    "Red": 1,
                    "Palette": 15,
                    "Gray": 1,
                    "Blue": 1,
                    "Alpha": 1,
                    "Green": 1
                },
                "ShadowDark": {
                    "Red": 0.2509804,
                    "Palette": 237,
                    "Gray": 0.2509804,
                    "Blue": 0.2509804,
                    "Alpha": 1,
                    "Green": 0.2509804
                },
                "ForegroundDisabled": {
                    "Red": 0.5019608,
                    "Palette": 8,
                    "Gray": 0.5019608,
                    "Blue": 0.5019608,
                    "Alpha": 1,
                    "Green": 0.5019608
                },
                "Background": {
                    "Red": 1,
                    "Palette": 15,
                    "Gray": 1,
                    "Blue": 1,
                    "Alpha": 1,
                    "Green": 1
                },
                "TextHighlightText": {
                    "Red": 1,
                    "Palette": 15,
                    "Gray": 1,
                    "Blue": 1,
                    "Alpha": 1,
                    "Green": 1
                },
                "Shadow": {
                    "Red": 0.5019608,
                    "Palette": 8,
                    "Gray": 0.5019608,
                    "Blue": 0.5019608,
                    "Alpha": 1,
                    "Green": 0.5019608
                },
                "BackgroundDisabled": {
                    "Red": 0.78431374,
                    "Palette": 252,
                    "Gray": 0.8101491,
                    "Blue": 0.83137256,
                    "Alpha": 1,
                    "Green": 0.8156863
                },
                "Text": {
                    "Red": 0,
                    "Palette": 0,
                    "Gray": 0,
                    "Blue": 0,
                    "Alpha": 1,
                    "Green": 0
                },
                "BackgroundInactive": {
                    "Red": 0.8392157,
                    "Palette": 254,
                    "Gray": 0.88049024,
                    "Blue": 0.90588236,
                    "Alpha": 1,
                    "Green": 0.8901961
                },
                "Base": {
                    "Red": 1,
                    "Palette": 252,
                    "Gray": 0.8101491,
                    "Blue": 1,
                    "Alpha": 1,
                    "Green": 1
                },
                "Name": "defaultScheme",
                "Foreground": {
                    "Red": 0,
                    "Palette": 0,
                    "Gray": 0,
                    "Blue": 0,
                    "Alpha": 1,
                    "Green": 0
                },
                "TextDisabled": {
                    "Red": 0.54901963,
                    "Palette": 244,
                    "Gray": 0.56811297,
                    "Blue": 0.5803922,
                    "Alpha": 1,
                    "Green": 0.57254905
                },
                "TextInactive": {
                    "Red": 0.8392157,
                    "Palette": 254,
                    "Gray": 0.88049024,
                    "Blue": 0.90588236,
                    "Alpha": 1,
                    "Green": 0.8901961
                }
            }
        },
        {
            "name": "NormalScheme",
            "properties": {
                "ForegroundInactive": {
                    "Red": 0.8392157,
                    "Palette": 254,
                    "Gray": 0.88049024,
                    "Blue": 0.90588236,
                    "Alpha": 1,
                    "Green": 0.8901961
                },
                "TextHighlight": {
                    "Red": 0,
                    "Palette": 12,
                    "Gray": 0.0722,
                    "Blue": 1,
                    "Alpha": 1,
                    "Green": 0
                },
                "Highlight": {
                    "Red": 0.78431374,
                    "Palette": 252,
                    "Gray": 0.8101491,
                    "Blue": 0.83137256,
                    "Alpha": 1,
                    "Green": 0.8156863
                },
                "HighlightLight": {
                    "Red": 1,
                    "Palette": 15,
                    "Gray": 1,
                    "Blue": 1,
                    "Alpha": 1,
                    "Green": 1
                },
                "ShadowDark": {
                    "Red": 0.2509804,
                    "Palette": 237,
                    "Gray": 0.2509804,
                    "Blue": 0.2509804,
                    "Alpha": 1,
                    "Green": 0.2509804
                },
                "ForegroundDisabled": {
                    "Red": 0.5019608,
                    "Palette": 8,
                    "Gray": 0.5019608,
                    "Blue": 0.5019608,
                    "Alpha": 1,
                    "Green": 0.5019608
                },
                "Background": {
                    "Red": 1,
                    "Palette": 15,
                    "Gray": 1,
                    "Blue": 1,
                    "Alpha": 1,
                    "Green": 1
                },
                "TextHighlightText": {
                    "Red": 1,
                    "Palette": 15,
                    "Gray": 1,
                    "Blue": 1,
                    "Alpha": 1,
                    "Green": 1
                },
                "Shadow": {
                    "Red": 0.5019608,
                    "Palette": 8,
                    "Gray": 0.5019608,
                    "Blue": 0.5019608,
                    "Alpha": 1,
                    "Green": 0.5019608
                },
                "BackgroundDisabled": {
                    "Red": 0.78431374,
                    "Palette": 252,
                    "Gray": 0.8101491,
                    "Blue": 0.83137256,
                    "Alpha": 1,
                    "Green": 0.8156863
                },
                "Text": {
                    "Red": 0,
                    "Palette": 0,
                    "Gray": 0.3632762,
                    "Blue": 0,
                    "Alpha": 1,
                    "Green": 0.50793654
                },
                "BackgroundInactive": {
                    "Red": 0.8392157,
                    "Palette": 254,
                    "Gray": 0.88049024,
                    "Blue": 0.90588236,
                    "Alpha": 1,
                    "Green": 0.8901961
                },
                "Base": {
                    "Red": 0.78431374,
                    "Palette": 252,
                    "Gray": 0.8101491,
                    "Blue": 0.83137256,
                    "Alpha": 1,
                    "Green": 0.8156863
                },
                "Name": "NormalScheme",
                "Foreground": {
                    "Red": 0,
                    "Palette": 0,
                    "Gray": 0,
                    "Blue": 0,
                    "Alpha": 1,
                    "Green": 0
                },
                "TextDisabled": {
                    "Red": 0.54901963,
                    "Palette": 244,
                    "Gray": 0.56811297,
                    "Blue": 0.5803922,
                    "Alpha": 1,
                    "Green": 0.57254905
                },
                "TextInactive": {
                    "Red": 0.8392157,
                    "Palette": 254,
                    "Gray": 0.88049024,
                    "Blue": 0.90588236,
                    "Alpha": 1,
                    "Green": 0.8901961
                }
            }
        },
        {
            "name": "HighStage1Scheme",
            "properties": {
                "ForegroundInactive": {
                    "Red": 0.8392157,
                    "Palette": 254,
                    "Gray": 0.88049024,
                    "Blue": 0.90588236,
                    "Alpha": 1,
                    "Green": 0.8901961
                },
                "TextHighlight": {
                    "Red": 0,
                    "Palette": 12,
                    "Gray": 0.0722,
                    "Blue": 1,
                    "Alpha": 1,
                    "Green": 0
                },
                "Highlight": {
                    "Red": 0.78431374,
                    "Palette": 252,
                    "Gray": 0.8101491,
                    "Blue": 0.83137256,
                    "Alpha": 1,
                    "Green": 0.8156863
                },
                "HighlightLight": {
                    "Red": 1,
                    "Palette": 15,
                    "Gray": 1,
                    "Blue": 1,
                    "Alpha": 1,
                    "Green": 1
                },
                "ShadowDark": {
                    "Red": 0.2509804,
                    "Palette": 237,
                    "Gray": 0.2509804,
                    "Blue": 0.2509804,
                    "Alpha": 1,
                    "Green": 0.2509804
                },
                "ForegroundDisabled": {
                    "Red": 0.5019608,
                    "Palette": 8,
                    "Gray": 0.5019608,
                    "Blue": 0.5019608,
                    "Alpha": 1,
                    "Green": 0.5019608
                },
                "Background": {
                    "Red": 1,
                    "Palette": 15,
                    "Gray": 1,
                    "Blue": 1,
                    "Alpha": 1,
                    "Green": 1
                },
                "TextHighlightText": {
                    "Red": 1,
                    "Palette": 15,
                    "Gray": 1,
                    "Blue": 1,
                    "Alpha": 1,
                    "Green": 1
                },
                "Shadow": {
                    "Red": 0.5019608,
                    "Palette": 8,
                    "Gray": 0.5019608,
                    "Blue": 0.5019608,
                    "Alpha": 1,
                    "Green": 0.5019608
                },
                "BackgroundDisabled": {
                    "Red": 0.78431374,
                    "Palette": 252,
                    "Gray": 0.8101491,
                    "Blue": 0.83137256,
                    "Alpha": 1,
                    "Green": 0.8156863
                },
                "Text": {
                    "Red": 1,
                    "Palette": 0,
                    "Gray": 0.57587624,
                    "Blue": 0,
                    "Alpha": 1,
                    "Green": 0.50793654
                },
                "BackgroundInactive": {
                    "Red": 0.8392157,
                    "Palette": 254,
                    "Gray": 0.88049024,
                    "Blue": 0.90588236,
                    "Alpha": 1,
                    "Green": 0.8901961
                },
                "Base": {
                    "Red": 0.78431374,
                    "Palette": 252,
                    "Gray": 0.8101491,
                    "Blue": 0.83137256,
                    "Alpha": 1,
                    "Green": 0.8156863
                },
                "Name": "HighStage1Scheme",
                "Foreground": {
                    "Red": 0,
                    "Palette": 0,
                    "Gray": 0,
                    "Blue": 0,
                    "Alpha": 1,
                    "Green": 0
                },
                "TextDisabled": {
                    "Red": 0.54901963,
                    "Palette": 244,
                    "Gray": 0.56811297,
                    "Blue": 0.5803922,
                    "Alpha": 1,
                    "Green": 0.57254905
                },
                "TextInactive": {
                    "Red": 0.8392157,
                    "Palette": 254,
                    "Gray": 0.88049024,
                    "Blue": 0.90588236,
                    "Alpha": 1,
                    "Green": 0.8901961
                }
            }
        },
        {
            "name": "HighStage2Scheme",
            "properties": {
                "ForegroundInactive": {
                    "Red": 0.8392157,
                    "Palette": 254,
                    "Gray": 0.88049024,
                    "Blue": 0.90588236,
                    "Alpha": 1,
                    "Green": 0.8901961
                },
                "TextHighlight": {
                    "Red": 0,
                    "Palette": 12,
                    "Gray": 0.0722,
                    "Blue": 1,
                    "Alpha": 1,
                    "Green": 0
                },
                "Highlight": {
                    "Red": 0.78431374,
                    "Palette": 252,
                    "Gray": 0.8101491,
                    "Blue": 0.83137256,
                    "Alpha": 1,
                    "Green": 0.8156863
                },
                "HighlightLight": {
                    "Red": 1,
                    "Palette": 15,
                    "Gray": 1,
                    "Blue": 1,
                    "Alpha": 1,
                    "Green": 1
                },
                "ShadowDark": {
                    "Red": 0.2509804,
                    "Palette": 237,
                    "Gray": 0.2509804,
                    "Blue": 0.2509804,
                    "Alpha": 1,
                    "Green": 0.2509804
                },
                "ForegroundDisabled": {
                    "Red": 0.5019608,
                    "Palette": 8,
                    "Gray": 0.5019608,
                    "Blue": 0.5019608,
                    "Alpha": 1,
                    "Green": 0.5019608
                },
                "Background": {
                    "Red": 1,
                    "Palette": 15,
                    "Gray": 1,
                    "Blue": 1,
                    "Alpha": 1,
                    "Green": 1
                },
                "TextHighlightText": {
                    "Red": 1,
                    "Palette": 15,
                    "Gray": 1,
                    "Blue": 1,
                    "Alpha": 1,
                    "Green": 1
                },
                "Shadow": {
                    "Red": 0.5019608,
                    "Palette": 8,
                    "Gray": 0.5019608,
                    "Blue": 0.5019608,
                    "Alpha": 1,
                    "Green": 0.5019608
                },
                "BackgroundDisabled": {
                    "Red": 0.78431374,
                    "Palette": 252,
                    "Gray": 0.8101491,
                    "Blue": 0.83137256,
                    "Alpha": 1,
                    "Green": 0.8156863
                },
                "Text": {
                    "Red": 0.7419355,
                    "Palette": 0,
                    "Gray": 0.3393736,
                    "Blue": 0,
                    "Alpha": 1,
                    "Green": 0.25396827
                },
                "BackgroundInactive": {
                    "Red": 0.8392157,
                    "Palette": 254,
                    "Gray": 0.88049024,
                    "Blue": 0.90588236,
                    "Alpha": 1,
                    "Green": 0.8901961
                },
                "Base": {
                    "Red": 0.78431374,
                    "Palette": 252,
                    "Gray": 0.8101491,
                    "Blue": 0.83137256,
                    "Alpha": 1,
                    "Green": 0.8156863
                },
                "Name": "HighStage2Scheme",
                "Foreground": {
                    "Red": 0,
                    "Palette": 0,
                    "Gray": 0,
                    "Blue": 0,
                    "Alpha": 1,
                    "Green": 0
                },
                "TextDisabled": {
                    "Red": 0.54901963,
                    "Palette": 244,
                    "Gray": 0.56811297,
                    "Blue": 0.5803922,
                    "Alpha": 1,
                    "Green": 0.57254905
                },
                "TextInactive": {
                    "Red": 0.8392157,
                    "Palette": 254,
                    "Gray": 0.88049024,
                    "Blue": 0.90588236,
                    "Alpha": 1,
                    "Green": 0.8901961
                }
            }
        },
        {
            "name": "HypertensiveScheme",
            "properties": {
                "ForegroundInactive": {
                    "Red": 0.8392157,
                    "Palette": 254,
                    "Gray": 0.88049024,
                    "Blue": 0.90588236,
                    "Alpha": 1,
                    "Green": 0.8901961
                },
                "TextHighlight": {
                    "Red": 0,
                    "Palette": 12,
                    "Gray": 0.0722,
                    "Blue": 1,
                    "Alpha": 1,
                    "Green": 0
                },
                "Highlight": {
                    "Red": 0.78431374,
                    "Palette": 252,
                    "Gray": 0.8101491,
                    "Blue": 0.83137256,
                    "Alpha": 1,
                    "Green": 0.8156863
                },
                "HighlightLight": {
                    "Red": 1,
                    "Palette": 15,
                    "Gray": 1,
                    "Blue": 1,
                    "Alpha": 1,
                    "Green": 1
                },
                "ShadowDark": {
                    "Red": 0.2509804,
                    "Palette": 237,
                    "Gray": 0.2509804,
                    "Blue": 0.2509804,
                    "Alpha": 1,
                    "Green": 0.2509804
                },
                "ForegroundDisabled": {
                    "Red": 0.5019608,
                    "Palette": 8,
                    "Gray": 0.5019608,
                    "Blue": 0.5019608,
                    "Alpha": 1,
                    "Green": 0.5019608
                },
                "Background": {
                    "Red": 1,
                    "Palette": 15,
                    "Gray": 1,
                    "Blue": 1,
                    "Alpha": 1,
                    "Green": 1
                },
                "TextHighlightText": {
                    "Red": 1,
                    "Palette": 15,
                    "Gray": 1,
                    "Blue": 1,
                    "Alpha": 1,
                    "Green": 1
                },
                "Shadow": {
                    "Red": 0.5019608,
                    "Palette": 8,
                    "Gray": 0.5019608,
                    "Blue": 0.5019608,
                    "Alpha": 1,
                    "Green": 0.5019608
                },
                "BackgroundDisabled": {
                    "Red": 0.78431374,
                    "Palette": 252,
                    "Gray": 0.8101491,
                    "Blue": 0.83137256,
                    "Alpha": 1,
                    "Green": 0.8156863
                },
                "Text": {
                    "Red": 0.7419355,
                    "Palette": 0,
                    "Gray": 0.15773548,
                    "Blue": 0,
                    "Alpha": 1,
                    "Green": 0
                },
                "BackgroundInactive": {
                    "Red": 0.8392157,
                    "Palette": 254,
                    "Gray": 0.88049024,
                    "Blue": 0.90588236,
                    "Alpha": 1,
                    "Green": 0.8901961
                },
                "Base": {
                    "Red": 0.78431374,
                    "Palette": 252,
                    "Gray": 0.8101491,
                    "Blue": 0.83137256,
                    "Alpha": 1,
                    "Green": 0.8156863
                },
                "Name": "HypertensiveScheme",
                "Foreground": {
                    "Red": 0,
                    "Palette": 0,
                    "Gray": 0,
                    "Blue": 0,
                    "Alpha": 1,
                    "Green": 0
                },
                "TextDisabled": {
                    "Red": 0.54901963,
                    "Palette": 244,
                    "Gray": 0.56811297,
                    "Blue": 0.5803922,
                    "Alpha": 1,
                    "Green": 0.57254905
                },
                "TextInactive": {
                    "Red": 0.8392157,
                    "Palette": 254,
                    "Gray": 0.88049024,
                    "Blue": 0.90588236,
                    "Alpha": 1,
                    "Green": 0.8901961
                }
            }
        },
        {
            "name": "ElevatedScheme",
            "properties": {
                "ForegroundInactive": {
                    "Red": 0.8392157,
                    "Palette": 254,
                    "Gray": 0.88049024,
                    "Blue": 0.90588236,
                    "Alpha": 1,
                    "Green": 0.8901961
                },
                "TextHighlight": {
                    "Red": 0,
                    "Palette": 12,
                    "Gray": 0.0722,
                    "Blue": 1,
                    "Alpha": 1,
                    "Green": 0
                },
                "Highlight": {
                    "Red": 0.78431374,
                    "Palette": 252,
                    "Gray": 0.8101491,
                    "Blue": 0.83137256,
                    "Alpha": 1,
                    "Green": 0.8156863
                },
                "HighlightLight": {
                    "Red": 1,
                    "Palette": 15,
                    "Gray": 1,
                    "Blue": 1,
                    "Alpha": 1,
                    "Green": 1
                },
                "ShadowDark": {
                    "Red": 0.2509804,
                    "Palette": 237,
                    "Gray": 0.2509804,
                    "Blue": 0.2509804,
                    "Alpha": 1,
                    "Green": 0.2509804
                },
                "ForegroundDisabled": {
                    "Red": 0.5019608,
                    "Palette": 8,
                    "Gray": 0.5019608,
                    "Blue": 0.5019608,
                    "Alpha": 1,
                    "Green": 0.5019608
                },
                "Background": {
                    "Red": 1,
                    "Palette": 15,
                    "Gray": 1,
                    "Blue": 1,
                    "Alpha": 1,
                    "Green": 1
                },
                "TextHighlightText": {
                    "Red": 1,
                    "Palette": 15,
                    "Gray": 1,
                    "Blue": 1,
                    "Alpha": 1,
                    "Green": 1
                },
                "Shadow": {
                    "Red": 0.5019608,
                    "Palette": 8,
                    "Gray": 0.5019608,
                    "Blue": 0.5019608,
                    "Alpha": 1,
                    "Green": 0.5019608
                },
                "BackgroundDisabled": {
                    "Red": 0.78431374,
                    "Palette": 252,
                    "Gray": 0.8101491,
                    "Blue": 0.83137256,
                    "Alpha": 1,
                    "Green": 0.8156863
                },
                "Text": {
                    "Red": 0.7419355,
                    "Palette": 0,
                    "Gray": 0.6912974,
                    "Blue": 0,
                    "Alpha": 1,
                    "Green": 0.74603176
                },
                "BackgroundInactive": {
                    "Red": 0.8392157,
                    "Palette": 254,
                    "Gray": 0.88049024,
                    "Blue": 0.90588236,
                    "Alpha": 1,
                    "Green": 0.8901961
                },
                "Base": {
                    "Red": 0.78431374,
                    "Palette": 252,
                    "Gray": 0.8101491,
                    "Blue": 0.83137256,
                    "Alpha": 1,
                    "Green": 0.8156863
                },
                "Name": "ElevatedScheme",
                "Foreground": {
                    "Red": 0,
                    "Palette": 0,
                    "Gray": 0,
                    "Blue": 0,
                    "Alpha": 1,
                    "Green": 0
                },
                "TextDisabled": {
                    "Red": 0.54901963,
                    "Palette": 244,
                    "Gray": 0.56811297,
                    "Blue": 0.5803922,
                    "Alpha": 1,
                    "Green": 0.57254905
                },
                "TextInactive": {
                    "Red": 0.8392157,
                    "Palette": 254,
                    "Gray": 0.88049024,
                    "Blue": 0.90588236,
                    "Alpha": 1,
                    "Green": 0.8901961
                }
            }
        }
    ]
}