{
    "defaultLanguage": 0,
    "stringTree": {"root": []},
    "languages": [{
        "name": "default",
        "enabled": true
    }],
    "strings": [
        {
            "folder": "/",
            "strings": ["0123456789"],
            "name": "ClockNums"
        },
        {
            "folder": "/",
            "strings": ["123"],
            "name": "Default"
        },
        {
            "folder": "/",
            "strings": ["12:00:00"],
            "name": "DefaultTime"
        },
        {
            "folder": "/",
            "strings": ["0123456798 "],
            "name": "Nums"
        }
    ],
    "encoding": "ASCII"
}