{
    "bindings": [
        {
            "font": "{a4bc6997-5b0f-439b-8b63-106db1a2d9a2}",
            "language": "{4641749c-baec-4a57-8567-260dd0bda77d}",
            "string": "{04d9ebc6-990f-439e-a808-b92cfae1a3c0}"
        },
        {
            "font": "{cd40cd77-bddf-4920-9e74-dd4978412e00}",
            "language": "{4641749c-baec-4a57-8567-260dd0bda77d}",
            "string": "{2e45e7f5-2fd1-4fd3-83fe-d2aa4247f718}"
        },
        {
            "font": "{a4bc6997-5b0f-439b-8b63-106db1a2d9a2}",
            "language": "{4641749c-baec-4a57-8567-260dd0bda77d}",
            "string": "{45d7af74-b1db-49c0-88aa-d3a05cfa0fa9}"
        },
        {
            "font": "{cd40cd77-bddf-4920-9e74-dd4978412e00}",
            "language": "{4641749c-baec-4a57-8567-260dd0bda77d}",
            "string": "{c47b2c5b-1a81-4dcc-956d-ccf9b46083bb}"
        },
        {
            "font": "{cd40cd77-bddf-4920-9e74-dd4978412e00}",
            "language": "{4641749c-baec-4a57-8567-260dd0bda77d}",
            "string": "{e82faaca-2b7e-4266-9c0e-e82a587cfe37}"
        }
    ],
    "defaultLanguage": "{4641749c-baec-4a57-8567-260dd0bda77d}",
    "encoding": "ASCII",
    "languages": [
        {
            "properties": {
                "__categories": [
                ],
                "__groups": [
                ],
                "enabled": {
                    "enabled": true,
                    "type": "boolean",
                    "value": true,
                    "visible": true
                },
                "id": {
                    "enabled": true,
                    "type": "uuid",
                    "value": "{4641749c-baec-4a57-8567-260dd0bda77d}",
                    "visible": true
                },
                "name": {
                    "enabled": true,
                    "type": "text",
                    "value": "default",
                    "visible": true
                }
            }
        }
    ],
    "paths": [
    ],
    "strings": [
        {
            "properties": {
                "__categories": [
                ],
                "__groups": [
                ],
                "description": {
                    "enabled": true,
                    "type": "text",
                    "value": "",
                    "visible": true
                },
                "id": {
                    "enabled": true,
                    "type": "uuid",
                    "value": "{04d9ebc6-990f-439e-a808-b92cfae1a3c0}",
                    "visible": true
                },
                "name": {
                    "enabled": true,
                    "type": "text",
                    "value": "ClockNums",
                    "visible": true
                },
                "path": {
                    "enabled": true,
                    "type": "text",
                    "value": "/",
                    "visible": true
                }
            },
            "values": [
                {
                    "language": "{4641749c-baec-4a57-8567-260dd0bda77d}",
                    "value": "0123456789"
                }
            ]
        },
        {
            "properties": {
                "__categories": [
                ],
                "__groups": [
                ],
                "description": {
                    "enabled": true,
                    "type": "text",
                    "value": "",
                    "visible": true
                },
                "id": {
                    "enabled": true,
                    "type": "uuid",
                    "value": "{2e45e7f5-2fd1-4fd3-83fe-d2aa4247f718}",
                    "visible": true
                },
                "name": {
                    "enabled": true,
                    "type": "text",
                    "value": "ClearVal",
                    "visible": true
                },
                "path": {
                    "enabled": true,
                    "type": "text",
                    "value": "/",
                    "visible": true
                }
            },
            "values": [
                {
                    "language": "{4641749c-baec-4a57-8567-260dd0bda77d}",
                    "value": "---"
                }
            ]
        },
        {
            "properties": {
                "__categories": [
                ],
                "__groups": [
                ],
                "description": {
                    "enabled": true,
                    "type": "text",
                    "value": "",
                    "visible": true
                },
                "id": {
                    "enabled": true,
                    "type": "uuid",
                    "value": "{45d7af74-b1db-49c0-88aa-d3a05cfa0fa9}",
                    "visible": true
                },
                "name": {
                    "enabled": true,
                    "type": "text",
                    "value": "DefaultTime",
                    "visible": true
                },
                "path": {
                    "enabled": true,
                    "type": "text",
                    "value": "/",
                    "visible": true
                }
            },
            "values": [
                {
                    "language": "{4641749c-baec-4a57-8567-260dd0bda77d}",
                    "value": "12:00:00"
                }
            ]
        },
        {
            "properties": {
                "__categories": [
                ],
                "__groups": [
                ],
                "description": {
                    "enabled": true,
                    "type": "text",
                    "value": "",
                    "visible": true
                },
                "id": {
                    "enabled": true,
                    "type": "uuid",
                    "value": "{c47b2c5b-1a81-4dcc-956d-ccf9b46083bb}",
                    "visible": true
                },
                "name": {
                    "enabled": true,
                    "type": "text",
                    "value": "Nums",
                    "visible": true
                },
                "path": {
                    "enabled": true,
                    "type": "text",
                    "value": "/",
                    "visible": true
                }
            },
            "values": [
                {
                    "language": "{4641749c-baec-4a57-8567-260dd0bda77d}",
                    "value": "0123456798 "
                }
            ]
        },
        {
            "properties": {
                "__categories": [
                ],
                "__groups": [
                ],
                "description": {
                    "enabled": true,
                    "type": "text",
                    "value": "",
                    "visible": true
                },
                "id": {
                    "enabled": true,
                    "type": "uuid",
                    "value": "{e82faaca-2b7e-4266-9c0e-e82a587cfe37}",
                    "visible": true
                },
                "name": {
                    "enabled": true,
                    "type": "text",
                    "value": "Default",
                    "visible": true
                },
                "path": {
                    "enabled": true,
                    "type": "text",
                    "value": "/",
                    "visible": true
                }
            },
            "values": [
                {
                    "language": "{4641749c-baec-4a57-8567-260dd0bda77d}",
                    "value": "123"
                }
            ]
        }
    ]
}
