{
    "__categories": [
        {
            "expanded": true,
            "id": "raw",
            "visible": true
        }
    ],
    "__groups": [
    ],
    "bitsPerPixel": {
        "enabled": false,
        "type": "integer",
        "value": 8,
        "visible": true
    },
    "colorCount": {
        "enabled": false,
        "type": "integer",
        "value": 31,
        "visible": true
    },
    "colorMaskMode": {
        "enabled": true,
        "type": "combo",
        "value": 0,
        "visible": true
    },
    "colorMode": {
        "enabled": true,
        "type": "combo",
        "value": 0,
        "visible": true
    },
    "maskColor": {
        "enabled": true,
        "image": "{9fa32b2c-8565-46ef-8c53-4a3f5729ce47}",
        "type": "imagecolor",
        "value": 0,
        "visible": false
    },
    "outputSize": {
        "enabled": false,
        "type": "integer",
        "value": 1428,
        "visible": true
    },
    "useRLE": {
        "enabled": true,
        "type": "boolean",
        "value": true,
        "visible": true
    }
}
