{
    "0": {
        "advance": 10,
        "bearingX": 0,
        "bearingY": 13,
        "codePoint": 48,
        "data": "AAAiqun0wTwAAAAT4ONvYcf4MgAAfv4qAAAJ4LkAAM7HAAAAAIT8EgP6lgAAAABR/0ES/38AAAAAOf9cHf95AAAAADL/ZBX/gAAAAAA5/1gC95cAAAAAUf9DAMjGAAAAAIP/EgB1/SkAAAjewAAADdzibmHG+ToAAAAcqO/ywj8AAA==",
        "height": 13,
        "width": 10
    },
    "1": {
        "advance": 10,
        "bearingX": 1,
        "bearingY": 13,
        "codePoint": 49,
        "data": "AAAChv9kAA60+f9kHtfmU/9kCqMbJ/9kAAAAKP9kAAAAKP9kAAAAKP9kAAAAKP9kAAAAKP9kAAAAKP9kAAAAKP9kAAAAKP9kAAAAKP9k",
        "height": 13,
        "width": 6
    },
    "2": {
        "advance": 10,
        "bearingX": 0,
        "bearingY": 13,
        "codePoint": 50,
        "data": "AABdx/TruzsAAACk/KBfatX8QwAARDUAAAAV9bUAAAAAAAAAANHRAAAAAAAAAALrsgAAAAAAAABW/1cAAAAAAAAh7L8BAAAAAAAW2dkWAAAAAAAS0eIeAAAAAAARzuMkAAAAAAAPyuMkAAAAAAAJx/14VFRUVFQeJP//////////XA==",
        "height": 13,
        "width": 10
    },
    "3": {
        "advance": 10,
        "bearingX": 0,
        "bearingY": 13,
        "codePoint": 51,
        "data": "AByK1/f20XAAAAPV3YFbZbv/cwAAFQIAAAAC3c0AAAAAAAAABeW7AAAABBQfRrzqNAAAADz////BKgAAAAAPQExvz/ZXAAAAAAAAAAbH8AwAAAAAAAAAdv81AAAAAAAAAID/LwsMAAAAAAnb6AUw8ZxwXHrc/VcAEY3W8PrmrDkAAA==",
        "height": 13,
        "width": 10
    },
    "4": {
        "advance": 10,
        "bearingX": 0,
        "bearingY": 13,
        "codePoint": 52,
        "data": "AAAAAAAM3v8QAAAAAAAAl/f/EAAAAAAARfya/xAAAAAADuKTc/8QAAAAAJ7bCnf/EAAAAEv8OQB4/xAAABHmiQAAeP8QAACl0wcAAHj/EABR/lIgICCJ/y4eoP//////////8DJQUFBQUKL/W0sAAAAAAAB4/xAAAAAAAAAAeP8QAA==",
        "height": 13,
        "width": 10
    },
    "5": {
        "advance": 10,
        "bearingX": 1,
        "bearingY": 13,
        "codePoint": 53,
        "data": "Hv///////2AAM/9/VFRUVB8ASP8uAAAAAAAAXP8ZAAAAAAAAcf8FCwQAAAAAhv/z//vWZAIAHXlXR2G//5MAAAAAAAABvP0WAAAAAAAAaf89AAAAAAAAdP8vBwAAAAAI0OYDy55yXHjY/FAAcMrp++qvOAAA",
        "height": 13,
        "width": 9
    },
    "6": {
        "advance": 10,
        "bearingX": 0,
        "bearingY": 13,
        "codePoint": 54,
        "data": "AAAAH5Lb9vVkAAAAOvDoiF5hPAAACuXSEgAAAAAAAGn/RwAAAAAAAAC14gEACgAAAAAA2bdU3f/xpBcAAPDZ1mVJffXUBAD95BAAAABs/0kA7aAAAAAAKf9tAMO/AAAAADX/YwBt/TgAAACJ/ygABcjufV+e/p8AAAAMjeL523oDAA==",
        "height": 13,
        "width": 10
    },
    "7": {
        "advance": 10,
        "bearingX": 0,
        "bearingY": 13,
        "codePoint": 55,
        "data": "NP//////////aBFUVFRUVFSe/zwAAAAAAAAAz80AAAAAAAAAQ/9cAAAAAAAAALfmBQAAAAAAACv/ewAAAAAAAACe9xQAAAAAAAAY+JoAAAAAAAAAhf8qAAAAAAAACu25AAAAAAAAAGz/SQAAAAAAAALc1wEAAAAAAABS/2gAAAAAAA==",
        "height": 13,
        "width": 10
    },
    "8": {
        "advance": 10,
        "bearingX": 0,
        "bearingY": 13,
        "codePoint": 56,
        "data": "AAA/vPHzzWUBAAA7+85qYa3/hgAAn/YOAAAAwekAAKLlAAAAAKXtAABV/20AACvxhwAAAIf+uIr0lQIAAAAg0Pz/3jcAAAA087IgMK3+dAAB38IBAAAAjf4pGP98AAAAADb/XAn4tQAAAABz/0AAjv+2aF+Y+sECAAJgx+z003gKAA==",
        "height": 13,
        "width": 10
    },
    "9": {
        "advance": 10,
        "bearingX": 0,
        "bearingY": 13,
        "codePoint": 57,
        "data": "AAA6uvHvsi4AAAA8+9FraNHzMAAAwuEKAAAM2sIABP2SAAAAAGv+GxP/gQAAAABE/0QC8rUAAAAAg/9VAJb/fSUlgOn/RQAKqf///7xu/y4AAAAaOiEAgPwNAAAAAAAAAtPAAAAAAAAAAIH/SgAAFXRacML/gwAAACHt++ayRwAAAA==",
        "height": 13,
        "width": 10
    },
    ":": {
        "advance": 5,
        "bearingX": 1,
        "bearingY": 10,
        "codePoint": 58,
        "data": "bvFDrP9/UskvAAAAAAAAAAAAAAAAABMAk/9ld+tP",
        "height": 10,
        "width": 3
    }
}
