{
    "active": "{c579281e-9304-4c17-b873-1babfc8c6b91}",
    "enabled": [
        "{4ba9bea6-da86-42b5-ab8b-466a7f4b470d}",
        "{bcba21c3-bd9a-421b-9d62-da80dbff3cae}",
        "{c579281e-9304-4c17-b873-1babfc8c6b91}"
    ],
    "primary": "{bcba21c3-bd9a-421b-9d62-da80dbff3cae}",
    "screens": [
        "{bcba21c3-bd9a-421b-9d62-da80dbff3cae}",
        "{c579281e-9304-4c17-b873-1babfc8c6b91}",
        "{4ba9bea6-da86-42b5-ab8b-466a7f4b470d}"
    ],
    "visible": [
        "{4ba9bea6-da86-42b5-ab8b-466a7f4b470d}",
        "{bcba21c3-bd9a-421b-9d62-da80dbff3cae}",
        "{c579281e-9304-4c17-b873-1babfc8c6b91}"
    ]
}
