{
    "sourceFileName": "start.png",
    "sourceFileFormat": "Raw",
    "folder": "/",
    "operations": [
        {
            "newSize": {
                "width": 100,
                "height": 35
            },
            "type": "Resize",
            "oldSize": {
                "width": 200,
                "height": 70
            }
        },
        {
            "newSize": {
                "width": 90,
                "height": 32
            },
            "type": "Resize",
            "oldSize": {
                "width": 100,
                "height": 35
            }
        }
    ],
    "sourceFileWidth": 200,
    "sourceFileHeight": 70,
    "imageType": "Raw",
    "properties": {
        "OutputSize": {
            "Height": {
                "type": "INTEGER",
                "value": 32
            },
            "Width": {
                "type": "INTEGER",
                "value": 90
            }
        },
        "OutputMode": {
            "type": "TEXT",
            "value": "RGB_565"
        },
        "OutputFormat": {
            "type": "TEXT",
            "value": "RLE"
        },
        "UniquePalette": {
            "type": "BOOLEAN",
            "value": false
        },
        "MaskEnable": {
            "type": "BOOLEAN",
            "value": true
        },
        "Name": {
            "type": "TEXT",
            "value": "start"
        },
        "ImportSize": {
            "Height": {
                "type": "INTEGER",
                "value": 70
            },
            "Width": {
                "type": "INTEGER",
                "value": 200
            }
        },
        "MaskColor": {
            "Red": {
                "type": "FLOAT",
                "value": 0
            },
            "Gray": {
                "type": "FLOAT",
                "value": 0
            },
            "OutputMode": {
                "type": "TEXT",
                "value": "RGB_565"
            },
            "Blue": {
                "type": "FLOAT",
                "value": 0
            },
            "Alpha": {
                "type": "FLOAT",
                "value": 1
            },
            "type": "COLOR",
            "Green": {
                "type": "FLOAT",
                "value": 0
            }
        },
        "GeneratePalette": {
            "type": "BOOLEAN",
            "value": false
        },
        "BitsPerPixel": {
            "type": "INTEGER",
            "value": 2
        },
        "UniquePixelCount": {
            "type": "INTEGER",
            "value": 52
        },
        "MemoryLocation": {
            "type": "MEMORY_LOC",
            "value": "Internal Flash"
        },
        "SizeBytes": {
            "type": "INTEGER",
            "value": 1262
        }
    }
}