{
    "hidden": false,
    "children": [{
        "hidden": false,
        "children": [
            {
                "hidden": false,
                "locked": false,
                "type": "PanelWidget",
                "properties": {
                    "HAlignment": {
                        "type": "TEXT",
                        "value": "Center"
                    },
                    "Scheme": {
                        "type": "SCHEME",
                        "value": "WhiteBackgroundScheme"
                    },
                    "AlphaAmount": {
                        "type": "INTEGER",
                        "value": 255
                    },
                    "Position": {
                        "X": {
                            "type": "INTEGER",
                            "value": 0
                        },
                        "Y": {
                            "type": "INTEGER",
                            "value": 0
                        }
                    },
                    "Size": {
                        "Height": {
                            "type": "INTEGER",
                            "value": 320
                        },
                        "Width": {
                            "type": "INTEGER",
                            "value": 480
                        }
                    },
                    "MarginRight": {
                        "type": "INTEGER",
                        "value": 4
                    },
                    "Enabled": {
                        "type": "BOOLEAN",
                        "value": true
                    },
                    "MarginTop": {
                        "type": "INTEGER",
                        "value": 4
                    },
                    "Name": {
                        "type": "TEXT",
                        "value": "PanelBackground"
                    },
                    "AlphaEnable": {
                        "type": "BOOLEAN",
                        "value": false
                    },
                    "VAlignment": {
                        "type": "TEXT",
                        "value": "Middle"
                    },
                    "BackgroundType": {
                        "type": "TEXT",
                        "value": "Fill"
                    },
                    "MarginBottom": {
                        "type": "INTEGER",
                        "value": 4
                    },
                    "Visible": {
                        "type": "BOOLEAN",
                        "value": true
                    },
                    "BorderType": {
                        "type": "TEXT",
                        "value": "None"
                    },
                    "MarginLeft": {
                        "type": "INTEGER",
                        "value": 4
                    }
                }
            },
            {
                "hidden": false,
                "locked": false,
                "type": "ImageWidget",
                "properties": {
                    "HAlignment": {
                        "type": "TEXT",
                        "value": "Center"
                    },
                    "Scheme": {
                        "type": "SCHEME",
                        "value": "WhiteBackgroundScheme"
                    },
                    "AlphaAmount": {
                        "type": "INTEGER",
                        "value": 255
                    },
                    "Position": {
                        "X": {
                            "type": "INTEGER",
                            "value": 141
                        },
                        "Y": {
                            "type": "INTEGER",
                            "value": 42
                        }
                    },
                    "Size": {
                        "Height": {
                            "type": "INTEGER",
                            "value": 169
                        },
                        "Width": {
                            "type": "INTEGER",
                            "value": 180
                        }
                    },
                    "MarginRight": {
                        "type": "INTEGER",
                        "value": 4
                    },
                    "Enabled": {
                        "type": "BOOLEAN",
                        "value": true
                    },
                    "MarginTop": {
                        "type": "INTEGER",
                        "value": 4
                    },
                    "Image": {
                        "type": "IMAGE",
                        "value": "MHGSLogo"
                    },
                    "Name": {
                        "type": "TEXT",
                        "value": "ImageWidget0"
                    },
                    "AlphaEnable": {
                        "type": "BOOLEAN",
                        "value": false
                    },
                    "VAlignment": {
                        "type": "TEXT",
                        "value": "Middle"
                    },
                    "BackgroundType": {
                        "type": "TEXT",
                        "value": "None"
                    },
                    "MarginBottom": {
                        "type": "INTEGER",
                        "value": 4
                    },
                    "Visible": {
                        "type": "BOOLEAN",
                        "value": true
                    },
                    "BorderType": {
                        "type": "TEXT",
                        "value": "None"
                    },
                    "MarginLeft": {
                        "type": "INTEGER",
                        "value": 4
                    }
                }
            },
            {
                "hidden": false,
                "children": [
                    {
                        "entries": [
                            {
                                "image": "Jump0",
                                "delay": 1000,
                                "valign": "Middle",
                                "halign": "Center"
                            },
                            {
                                "image": "Jump1",
                                "delay": 1000,
                                "valign": "Middle",
                                "halign": "Center"
                            },
                            {
                                "image": "Jump2",
                                "delay": 1000,
                                "valign": "Middle",
                                "halign": "Center"
                            },
                            {
                                "image": "Jump3",
                                "delay": 1000,
                                "valign": "Middle",
                                "halign": "Center"
                            },
                            {
                                "image": "Jump4",
                                "delay": 1000,
                                "valign": "Middle",
                                "halign": "Center"
                            },
                            {
                                "image": "Jump5",
                                "delay": 1000,
                                "valign": "Middle",
                                "halign": "Center"
                            },
                            {
                                "image": "Jump6",
                                "delay": 1000,
                                "valign": "Middle",
                                "halign": "Center"
                            },
                            {
                                "image": "Jump7",
                                "delay": 1000,
                                "valign": "Middle",
                                "halign": "Center"
                            }
                        ],
                        "hidden": false,
                        "locked": false,
                        "type": "ImageSequenceWidget",
                        "properties": {
                            "HAlignment": {
                                "type": "TEXT",
                                "value": "Center"
                            },
                            "Scheme": {
                                "type": "SCHEME",
                                "value": ""
                            },
                            "AlphaAmount": {
                                "type": "INTEGER",
                                "value": 255
                            },
                            "Position": {
                                "X": {
                                    "type": "INTEGER",
                                    "value": 0
                                },
                                "Y": {
                                    "type": "INTEGER",
                                    "value": 0
                                }
                            },
                            "Size": {
                                "Height": {
                                    "type": "INTEGER",
                                    "value": 192
                                },
                                "Width": {
                                    "type": "INTEGER",
                                    "value": 120
                                }
                            },
                            "MarginRight": {
                                "type": "INTEGER",
                                "value": 4
                            },
                            "Enabled": {
                                "type": "BOOLEAN",
                                "value": true
                            },
                            "Repeat": {
                                "type": "BOOLEAN",
                                "value": true
                            },
                            "MarginTop": {
                                "type": "INTEGER",
                                "value": 4
                            },
                            "ImageStart": {
                                "type": "INTEGER",
                                "value": 0
                            },
                            "Name": {
                                "type": "TEXT",
                                "value": "ImageSequenceWidget_JumpRight"
                            },
                            "AlphaEnable": {
                                "type": "BOOLEAN",
                                "value": false
                            },
                            "VAlignment": {
                                "type": "TEXT",
                                "value": "Middle"
                            },
                            "PlayDefault": {
                                "type": "BOOLEAN",
                                "value": false
                            },
                            "BackgroundType": {
                                "type": "TEXT",
                                "value": "None"
                            },
                            "ImageChangedEvent": {
                                "type": "BOOLEAN",
                                "value": false
                            },
                            "MarginBottom": {
                                "type": "INTEGER",
                                "value": 4
                            },
                            "Visible": {
                                "type": "BOOLEAN",
                                "value": false
                            },
                            "BorderType": {
                                "type": "TEXT",
                                "value": "None"
                            },
                            "MarginLeft": {
                                "type": "INTEGER",
                                "value": 4
                            }
                        },
                        "events": {"ImageChangedEvent": {
                            "mode": "GENERATE",
                            "pretty_name": "Image Changed",
                            "name": "ImageChangedEvent",
                            "enabled": "false"
                        }}
                    },
                    {
                        "entries": [
                            {
                                "image": "Run0",
                                "delay": 1000,
                                "valign": "Middle",
                                "halign": "Center"
                            },
                            {
                                "image": "Run1",
                                "delay": 1000,
                                "valign": "Middle",
                                "halign": "Center"
                            },
                            {
                                "image": "Run2",
                                "delay": 1000,
                                "valign": "Middle",
                                "halign": "Center"
                            }
                        ],
                        "hidden": false,
                        "locked": false,
                        "type": "ImageSequenceWidget",
                        "properties": {
                            "HAlignment": {
                                "type": "TEXT",
                                "value": "Center"
                            },
                            "Scheme": {
                                "type": "SCHEME",
                                "value": ""
                            },
                            "AlphaAmount": {
                                "type": "INTEGER",
                                "value": 255
                            },
                            "Position": {
                                "X": {
                                    "type": "INTEGER",
                                    "value": 0
                                },
                                "Y": {
                                    "type": "INTEGER",
                                    "value": 94
                                }
                            },
                            "Size": {
                                "Height": {
                                    "type": "INTEGER",
                                    "value": 96
                                },
                                "Width": {
                                    "type": "INTEGER",
                                    "value": 120
                                }
                            },
                            "MarginRight": {
                                "type": "INTEGER",
                                "value": 4
                            },
                            "Enabled": {
                                "type": "BOOLEAN",
                                "value": true
                            },
                            "Repeat": {
                                "type": "BOOLEAN",
                                "value": true
                            },
                            "MarginTop": {
                                "type": "INTEGER",
                                "value": 4
                            },
                            "ImageStart": {
                                "type": "INTEGER",
                                "value": 0
                            },
                            "Name": {
                                "type": "TEXT",
                                "value": "ImageSequenceWidget_RunRight"
                            },
                            "AlphaEnable": {
                                "type": "BOOLEAN",
                                "value": false
                            },
                            "VAlignment": {
                                "type": "TEXT",
                                "value": "Middle"
                            },
                            "PlayDefault": {
                                "type": "BOOLEAN",
                                "value": false
                            },
                            "BackgroundType": {
                                "type": "TEXT",
                                "value": "None"
                            },
                            "ImageChangedEvent": {
                                "type": "BOOLEAN",
                                "value": false
                            },
                            "MarginBottom": {
                                "type": "INTEGER",
                                "value": 4
                            },
                            "Visible": {
                                "type": "BOOLEAN",
                                "value": false
                            },
                            "BorderType": {
                                "type": "TEXT",
                                "value": "None"
                            },
                            "MarginLeft": {
                                "type": "INTEGER",
                                "value": 4
                            }
                        },
                        "events": {"ImageChangedEvent": {
                            "mode": "GENERATE",
                            "pretty_name": "Image Changed",
                            "name": "ImageChangedEvent",
                            "enabled": "false"
                        }}
                    },
                    {
                        "entries": [
                            {
                                "image": "RunToLeft0",
                                "delay": 1000,
                                "valign": "Middle",
                                "halign": "Center"
                            },
                            {
                                "image": "RunToLeft1",
                                "delay": 1000,
                                "valign": "Middle",
                                "halign": "Center"
                            },
                            {
                                "image": "RunToLeft2",
                                "delay": 1000,
                                "valign": "Middle",
                                "halign": "Center"
                            }
                        ],
                        "hidden": false,
                        "locked": false,
                        "type": "ImageSequenceWidget",
                        "properties": {
                            "HAlignment": {
                                "type": "TEXT",
                                "value": "Center"
                            },
                            "Scheme": {
                                "type": "SCHEME",
                                "value": ""
                            },
                            "AlphaAmount": {
                                "type": "INTEGER",
                                "value": 255
                            },
                            "Position": {
                                "X": {
                                    "type": "INTEGER",
                                    "value": 0
                                },
                                "Y": {
                                    "type": "INTEGER",
                                    "value": 94
                                }
                            },
                            "Size": {
                                "Height": {
                                    "type": "INTEGER",
                                    "value": 96
                                },
                                "Width": {
                                    "type": "INTEGER",
                                    "value": 120
                                }
                            },
                            "MarginRight": {
                                "type": "INTEGER",
                                "value": 4
                            },
                            "Enabled": {
                                "type": "BOOLEAN",
                                "value": true
                            },
                            "Repeat": {
                                "type": "BOOLEAN",
                                "value": true
                            },
                            "MarginTop": {
                                "type": "INTEGER",
                                "value": 4
                            },
                            "ImageStart": {
                                "type": "INTEGER",
                                "value": 0
                            },
                            "Name": {
                                "type": "TEXT",
                                "value": "ImageSequenceWidget_RunLeft"
                            },
                            "AlphaEnable": {
                                "type": "BOOLEAN",
                                "value": false
                            },
                            "VAlignment": {
                                "type": "TEXT",
                                "value": "Middle"
                            },
                            "PlayDefault": {
                                "type": "BOOLEAN",
                                "value": false
                            },
                            "BackgroundType": {
                                "type": "TEXT",
                                "value": "None"
                            },
                            "ImageChangedEvent": {
                                "type": "BOOLEAN",
                                "value": false
                            },
                            "MarginBottom": {
                                "type": "INTEGER",
                                "value": 4
                            },
                            "Visible": {
                                "type": "BOOLEAN",
                                "value": false
                            },
                            "BorderType": {
                                "type": "TEXT",
                                "value": "None"
                            },
                            "MarginLeft": {
                                "type": "INTEGER",
                                "value": 4
                            }
                        },
                        "events": {"ImageChangedEvent": {
                            "mode": "GENERATE",
                            "pretty_name": "Image Changed",
                            "name": "ImageChangedEvent",
                            "enabled": "false"
                        }}
                    },
                    {
                        "entries": [
                            {
                                "image": "Idle0",
                                "delay": 1000,
                                "valign": "Middle",
                                "halign": "Center"
                            },
                            {
                                "image": "Idle1",
                                "delay": 1000,
                                "valign": "Middle",
                                "halign": "Center"
                            },
                            {
                                "image": "Idle2",
                                "delay": 1000,
                                "valign": "Middle",
                                "halign": "Center"
                            },
                            {
                                "image": "Idle3",
                                "delay": 1000,
                                "valign": "Middle",
                                "halign": "Center"
                            }
                        ],
                        "hidden": false,
                        "locked": false,
                        "type": "ImageSequenceWidget",
                        "properties": {
                            "HAlignment": {
                                "type": "TEXT",
                                "value": "Center"
                            },
                            "Scheme": {
                                "type": "SCHEME",
                                "value": ""
                            },
                            "AlphaAmount": {
                                "type": "INTEGER",
                                "value": 255
                            },
                            "Position": {
                                "X": {
                                    "type": "INTEGER",
                                    "value": 0
                                },
                                "Y": {
                                    "type": "INTEGER",
                                    "value": 94
                                }
                            },
                            "Size": {
                                "Height": {
                                    "type": "INTEGER",
                                    "value": 96
                                },
                                "Width": {
                                    "type": "INTEGER",
                                    "value": 120
                                }
                            },
                            "MarginRight": {
                                "type": "INTEGER",
                                "value": 4
                            },
                            "Enabled": {
                                "type": "BOOLEAN",
                                "value": true
                            },
                            "Repeat": {
                                "type": "BOOLEAN",
                                "value": true
                            },
                            "MarginTop": {
                                "type": "INTEGER",
                                "value": 4
                            },
                            "ImageStart": {
                                "type": "INTEGER",
                                "value": 0
                            },
                            "Name": {
                                "type": "TEXT",
                                "value": "ImageSequenceWidget_IdleRight"
                            },
                            "AlphaEnable": {
                                "type": "BOOLEAN",
                                "value": false
                            },
                            "VAlignment": {
                                "type": "TEXT",
                                "value": "Middle"
                            },
                            "PlayDefault": {
                                "type": "BOOLEAN",
                                "value": false
                            },
                            "BackgroundType": {
                                "type": "TEXT",
                                "value": "None"
                            },
                            "ImageChangedEvent": {
                                "type": "BOOLEAN",
                                "value": false
                            },
                            "MarginBottom": {
                                "type": "INTEGER",
                                "value": 4
                            },
                            "Visible": {
                                "type": "BOOLEAN",
                                "value": true
                            },
                            "BorderType": {
                                "type": "TEXT",
                                "value": "None"
                            },
                            "MarginLeft": {
                                "type": "INTEGER",
                                "value": 4
                            }
                        },
                        "events": {"ImageChangedEvent": {
                            "mode": "GENERATE",
                            "pretty_name": "Image Changed",
                            "name": "ImageChangedEvent",
                            "enabled": "false"
                        }}
                    },
                    {
                        "entries": [
                            {
                                "image": "IdleLeft0",
                                "delay": 1000,
                                "valign": "Middle",
                                "halign": "Center"
                            },
                            {
                                "image": "IdleLeft1",
                                "delay": 1000,
                                "valign": "Middle",
                                "halign": "Center"
                            },
                            {
                                "image": "IdleLeft2",
                                "delay": 1000,
                                "valign": "Middle",
                                "halign": "Center"
                            },
                            {
                                "image": "IdleLeft3",
                                "delay": 1000,
                                "valign": "Middle",
                                "halign": "Center"
                            }
                        ],
                        "hidden": false,
                        "locked": false,
                        "type": "ImageSequenceWidget",
                        "properties": {
                            "HAlignment": {
                                "type": "TEXT",
                                "value": "Center"
                            },
                            "Scheme": {
                                "type": "SCHEME",
                                "value": ""
                            },
                            "AlphaAmount": {
                                "type": "INTEGER",
                                "value": 255
                            },
                            "Position": {
                                "X": {
                                    "type": "INTEGER",
                                    "value": 0
                                },
                                "Y": {
                                    "type": "INTEGER",
                                    "value": 94
                                }
                            },
                            "Size": {
                                "Height": {
                                    "type": "INTEGER",
                                    "value": 96
                                },
                                "Width": {
                                    "type": "INTEGER",
                                    "value": 120
                                }
                            },
                            "MarginRight": {
                                "type": "INTEGER",
                                "value": 4
                            },
                            "Enabled": {
                                "type": "BOOLEAN",
                                "value": true
                            },
                            "Repeat": {
                                "type": "BOOLEAN",
                                "value": true
                            },
                            "MarginTop": {
                                "type": "INTEGER",
                                "value": 4
                            },
                            "ImageStart": {
                                "type": "INTEGER",
                                "value": 0
                            },
                            "Name": {
                                "type": "TEXT",
                                "value": "ImageSequenceWidget_IdleLeft"
                            },
                            "AlphaEnable": {
                                "type": "BOOLEAN",
                                "value": false
                            },
                            "VAlignment": {
                                "type": "TEXT",
                                "value": "Middle"
                            },
                            "PlayDefault": {
                                "type": "BOOLEAN",
                                "value": false
                            },
                            "BackgroundType": {
                                "type": "TEXT",
                                "value": "None"
                            },
                            "ImageChangedEvent": {
                                "type": "BOOLEAN",
                                "value": false
                            },
                            "MarginBottom": {
                                "type": "INTEGER",
                                "value": 4
                            },
                            "Visible": {
                                "type": "BOOLEAN",
                                "value": false
                            },
                            "BorderType": {
                                "type": "TEXT",
                                "value": "None"
                            },
                            "MarginLeft": {
                                "type": "INTEGER",
                                "value": 4
                            }
                        },
                        "events": {"ImageChangedEvent": {
                            "mode": "GENERATE",
                            "pretty_name": "Image Changed",
                            "name": "ImageChangedEvent",
                            "enabled": "false"
                        }}
                    },
                    {
                        "entries": [
                            {
                                "image": "Dizzy0",
                                "delay": 1000,
                                "valign": "Middle",
                                "halign": "Center"
                            },
                            {
                                "image": "Dizzy1",
                                "delay": 1000,
                                "valign": "Middle",
                                "halign": "Center"
                            },
                            {
                                "image": "Dizzy2",
                                "delay": 1000,
                                "valign": "Middle",
                                "halign": "Center"
                            }
                        ],
                        "hidden": false,
                        "locked": false,
                        "type": "ImageSequenceWidget",
                        "properties": {
                            "HAlignment": {
                                "type": "TEXT",
                                "value": "Center"
                            },
                            "Scheme": {
                                "type": "SCHEME",
                                "value": ""
                            },
                            "AlphaAmount": {
                                "type": "INTEGER",
                                "value": 255
                            },
                            "Position": {
                                "X": {
                                    "type": "INTEGER",
                                    "value": 0
                                },
                                "Y": {
                                    "type": "INTEGER",
                                    "value": 94
                                }
                            },
                            "Size": {
                                "Height": {
                                    "type": "INTEGER",
                                    "value": 96
                                },
                                "Width": {
                                    "type": "INTEGER",
                                    "value": 120
                                }
                            },
                            "MarginRight": {
                                "type": "INTEGER",
                                "value": 4
                            },
                            "Enabled": {
                                "type": "BOOLEAN",
                                "value": true
                            },
                            "Repeat": {
                                "type": "BOOLEAN",
                                "value": true
                            },
                            "MarginTop": {
                                "type": "INTEGER",
                                "value": 4
                            },
                            "ImageStart": {
                                "type": "INTEGER",
                                "value": 0
                            },
                            "Name": {
                                "type": "TEXT",
                                "value": "ImageSequenceWidget_DizzieRight"
                            },
                            "AlphaEnable": {
                                "type": "BOOLEAN",
                                "value": false
                            },
                            "VAlignment": {
                                "type": "TEXT",
                                "value": "Middle"
                            },
                            "PlayDefault": {
                                "type": "BOOLEAN",
                                "value": false
                            },
                            "BackgroundType": {
                                "type": "TEXT",
                                "value": "None"
                            },
                            "ImageChangedEvent": {
                                "type": "BOOLEAN",
                                "value": false
                            },
                            "MarginBottom": {
                                "type": "INTEGER",
                                "value": 4
                            },
                            "Visible": {
                                "type": "BOOLEAN",
                                "value": false
                            },
                            "BorderType": {
                                "type": "TEXT",
                                "value": "None"
                            },
                            "MarginLeft": {
                                "type": "INTEGER",
                                "value": 4
                            }
                        },
                        "events": {"ImageChangedEvent": {
                            "mode": "GENERATE",
                            "pretty_name": "Image Changed",
                            "name": "ImageChangedEvent",
                            "enabled": "false"
                        }}
                    },
                    {
                        "entries": [
                            {
                                "image": "DizzyLeft0",
                                "delay": 1000,
                                "valign": "Middle",
                                "halign": "Center"
                            },
                            {
                                "image": "DizzyLeft1",
                                "delay": 1000,
                                "valign": "Middle",
                                "halign": "Center"
                            },
                            {
                                "image": "DizzyLeft2",
                                "delay": 1000,
                                "valign": "Middle",
                                "halign": "Center"
                            }
                        ],
                        "hidden": false,
                        "locked": false,
                        "type": "ImageSequenceWidget",
                        "properties": {
                            "HAlignment": {
                                "type": "TEXT",
                                "value": "Center"
                            },
                            "Scheme": {
                                "type": "SCHEME",
                                "value": ""
                            },
                            "AlphaAmount": {
                                "type": "INTEGER",
                                "value": 255
                            },
                            "Position": {
                                "X": {
                                    "type": "INTEGER",
                                    "value": 0
                                },
                                "Y": {
                                    "type": "INTEGER",
                                    "value": 94
                                }
                            },
                            "Size": {
                                "Height": {
                                    "type": "INTEGER",
                                    "value": 96
                                },
                                "Width": {
                                    "type": "INTEGER",
                                    "value": 120
                                }
                            },
                            "MarginRight": {
                                "type": "INTEGER",
                                "value": 4
                            },
                            "Enabled": {
                                "type": "BOOLEAN",
                                "value": true
                            },
                            "Repeat": {
                                "type": "BOOLEAN",
                                "value": true
                            },
                            "MarginTop": {
                                "type": "INTEGER",
                                "value": 4
                            },
                            "ImageStart": {
                                "type": "INTEGER",
                                "value": 0
                            },
                            "Name": {
                                "type": "TEXT",
                                "value": "ImageSequenceWidget_DizzieLeft"
                            },
                            "AlphaEnable": {
                                "type": "BOOLEAN",
                                "value": false
                            },
                            "VAlignment": {
                                "type": "TEXT",
                                "value": "Middle"
                            },
                            "PlayDefault": {
                                "type": "BOOLEAN",
                                "value": false
                            },
                            "BackgroundType": {
                                "type": "TEXT",
                                "value": "None"
                            },
                            "ImageChangedEvent": {
                                "type": "BOOLEAN",
                                "value": false
                            },
                            "MarginBottom": {
                                "type": "INTEGER",
                                "value": 4
                            },
                            "Visible": {
                                "type": "BOOLEAN",
                                "value": false
                            },
                            "BorderType": {
                                "type": "TEXT",
                                "value": "None"
                            },
                            "MarginLeft": {
                                "type": "INTEGER",
                                "value": 4
                            }
                        },
                        "events": {"ImageChangedEvent": {
                            "mode": "GENERATE",
                            "pretty_name": "Image Changed",
                            "name": "ImageChangedEvent",
                            "enabled": "false"
                        }}
                    }
                ],
                "locked": false,
                "type": "PanelWidget",
                "properties": {
                    "HAlignment": {
                        "type": "TEXT",
                        "value": "Center"
                    },
                    "Scheme": {
                        "type": "SCHEME",
                        "value": ""
                    },
                    "AlphaAmount": {
                        "type": "INTEGER",
                        "value": 255
                    },
                    "Position": {
                        "X": {
                            "type": "INTEGER",
                            "value": 171
                        },
                        "Y": {
                            "type": "INTEGER",
                            "value": 130
                        }
                    },
                    "Size": {
                        "Height": {
                            "type": "INTEGER",
                            "value": 192
                        },
                        "Width": {
                            "type": "INTEGER",
                            "value": 120
                        }
                    },
                    "MarginRight": {
                        "type": "INTEGER",
                        "value": 4
                    },
                    "Enabled": {
                        "type": "BOOLEAN",
                        "value": true
                    },
                    "MarginTop": {
                        "type": "INTEGER",
                        "value": 4
                    },
                    "Name": {
                        "type": "TEXT",
                        "value": "PositionWidget"
                    },
                    "AlphaEnable": {
                        "type": "BOOLEAN",
                        "value": false
                    },
                    "VAlignment": {
                        "type": "TEXT",
                        "value": "Middle"
                    },
                    "BackgroundType": {
                        "type": "TEXT",
                        "value": "None"
                    },
                    "MarginBottom": {
                        "type": "INTEGER",
                        "value": 4
                    },
                    "Visible": {
                        "type": "BOOLEAN",
                        "value": true
                    },
                    "BorderType": {
                        "type": "TEXT",
                        "value": "None"
                    },
                    "MarginLeft": {
                        "type": "INTEGER",
                        "value": 4
                    }
                }
            },
            {
                "hidden": false,
                "locked": false,
                "type": "ButtonWidget",
                "properties": {
                    "HAlignment": {
                        "type": "TEXT",
                        "value": "Center"
                    },
                    "Pressed": {
                        "type": "BOOLEAN",
                        "value": false
                    },
                    "Scheme": {
                        "type": "SCHEME",
                        "value": ""
                    },
                    "ImageMargin": {
                        "type": "INTEGER",
                        "value": 10
                    },
                    "Size": {
                        "Height": {
                            "type": "INTEGER",
                            "value": 100
                        },
                        "Width": {
                            "type": "INTEGER",
                            "value": 480
                        }
                    },
                    "Toggleable": {
                        "type": "BOOLEAN",
                        "value": false
                    },
                    "MarginTop": {
                        "type": "INTEGER",
                        "value": 4
                    },
                    "Name": {
                        "type": "TEXT",
                        "value": "ButtonWidget_RunLeft"
                    },
                    "AlphaEnable": {
                        "type": "BOOLEAN",
                        "value": false
                    },
                    "PressedEvent": {
                        "type": "BOOLEAN",
                        "value": true
                    },
                    "VAlignment": {
                        "type": "TEXT",
                        "value": "Middle"
                    },
                    "PressedImage": {
                        "type": "IMAGE",
                        "value": ""
                    },
                    "PressedOffset": {
                        "type": "INTEGER",
                        "value": 1
                    },
                    "StringID": {
                        "type": "STRING",
                        "value": ""
                    },
                    "MarginBottom": {
                        "type": "INTEGER",
                        "value": 4
                    },
                    "Visible": {
                        "type": "BOOLEAN",
                        "value": true
                    },
                    "AlphaAmount": {
                        "type": "INTEGER",
                        "value": 255
                    },
                    "Position": {
                        "X": {
                            "type": "INTEGER",
                            "value": -240
                        },
                        "Y": {
                            "type": "INTEGER",
                            "value": 220
                        }
                    },
                    "ImagePosition": {
                        "type": "TEXT",
                        "value": "LeftOf"
                    },
                    "MarginRight": {
                        "type": "INTEGER",
                        "value": 4
                    },
                    "Enabled": {
                        "type": "BOOLEAN",
                        "value": true
                    },
                    "ReleasedEvent": {
                        "type": "BOOLEAN",
                        "value": true
                    },
                    "BackgroundType": {
                        "type": "TEXT",
                        "value": "None"
                    },
                    "ReleasedImage": {
                        "type": "IMAGE",
                        "value": ""
                    },
                    "BorderType": {
                        "type": "TEXT",
                        "value": "None"
                    },
                    "MarginLeft": {
                        "type": "INTEGER",
                        "value": 4
                    }
                },
                "events": {
                    "ReleasedEvent": {
                        "mode": "DECLARE",
                        "pretty_name": "Released",
                        "name": "ReleasedEvent",
                        "enabled": "true"
                    },
                    "PressedEvent": {
                        "mode": "DECLARE",
                        "pretty_name": "Pressed",
                        "name": "PressedEvent",
                        "enabled": "true"
                    }
                }
            },
            {
                "hidden": false,
                "locked": false,
                "type": "ButtonWidget",
                "properties": {
                    "HAlignment": {
                        "type": "TEXT",
                        "value": "Center"
                    },
                    "Pressed": {
                        "type": "BOOLEAN",
                        "value": false
                    },
                    "Scheme": {
                        "type": "SCHEME",
                        "value": ""
                    },
                    "ImageMargin": {
                        "type": "INTEGER",
                        "value": 10
                    },
                    "Size": {
                        "Height": {
                            "type": "INTEGER",
                            "value": 100
                        },
                        "Width": {
                            "type": "INTEGER",
                            "value": 480
                        }
                    },
                    "Toggleable": {
                        "type": "BOOLEAN",
                        "value": false
                    },
                    "MarginTop": {
                        "type": "INTEGER",
                        "value": 4
                    },
                    "Name": {
                        "type": "TEXT",
                        "value": "ButtonWidget_RunRight"
                    },
                    "AlphaEnable": {
                        "type": "BOOLEAN",
                        "value": false
                    },
                    "PressedEvent": {
                        "type": "BOOLEAN",
                        "value": true
                    },
                    "VAlignment": {
                        "type": "TEXT",
                        "value": "Middle"
                    },
                    "PressedImage": {
                        "type": "IMAGE",
                        "value": ""
                    },
                    "PressedOffset": {
                        "type": "INTEGER",
                        "value": 1
                    },
                    "StringID": {
                        "type": "STRING",
                        "value": ""
                    },
                    "MarginBottom": {
                        "type": "INTEGER",
                        "value": 4
                    },
                    "Visible": {
                        "type": "BOOLEAN",
                        "value": true
                    },
                    "AlphaAmount": {
                        "type": "INTEGER",
                        "value": 255
                    },
                    "Position": {
                        "X": {
                            "type": "INTEGER",
                            "value": 240
                        },
                        "Y": {
                            "type": "INTEGER",
                            "value": 220
                        }
                    },
                    "ImagePosition": {
                        "type": "TEXT",
                        "value": "LeftOf"
                    },
                    "MarginRight": {
                        "type": "INTEGER",
                        "value": 4
                    },
                    "Enabled": {
                        "type": "BOOLEAN",
                        "value": true
                    },
                    "ReleasedEvent": {
                        "type": "BOOLEAN",
                        "value": true
                    },
                    "BackgroundType": {
                        "type": "TEXT",
                        "value": "None"
                    },
                    "ReleasedImage": {
                        "type": "IMAGE",
                        "value": ""
                    },
                    "BorderType": {
                        "type": "TEXT",
                        "value": "None"
                    },
                    "MarginLeft": {
                        "type": "INTEGER",
                        "value": 4
                    }
                },
                "events": {
                    "ReleasedEvent": {
                        "mode": "DECLARE",
                        "pretty_name": "Released",
                        "name": "ReleasedEvent",
                        "enabled": "true"
                    },
                    "PressedEvent": {
                        "mode": "DECLARE",
                        "pretty_name": "Pressed",
                        "name": "PressedEvent",
                        "enabled": "true"
                    }
                }
            },
            {
                "hidden": false,
                "locked": false,
                "type": "ButtonWidget",
                "properties": {
                    "HAlignment": {
                        "type": "TEXT",
                        "value": "Center"
                    },
                    "Pressed": {
                        "type": "BOOLEAN",
                        "value": false
                    },
                    "Scheme": {
                        "type": "SCHEME",
                        "value": ""
                    },
                    "ImageMargin": {
                        "type": "INTEGER",
                        "value": 10
                    },
                    "Size": {
                        "Height": {
                            "type": "INTEGER",
                            "value": 220
                        },
                        "Width": {
                            "type": "INTEGER",
                            "value": 480
                        }
                    },
                    "Toggleable": {
                        "type": "BOOLEAN",
                        "value": false
                    },
                    "MarginTop": {
                        "type": "INTEGER",
                        "value": 4
                    },
                    "Name": {
                        "type": "TEXT",
                        "value": "ButtonWidget_Jump"
                    },
                    "AlphaEnable": {
                        "type": "BOOLEAN",
                        "value": false
                    },
                    "PressedEvent": {
                        "type": "BOOLEAN",
                        "value": true
                    },
                    "VAlignment": {
                        "type": "TEXT",
                        "value": "Middle"
                    },
                    "PressedImage": {
                        "type": "IMAGE",
                        "value": ""
                    },
                    "PressedOffset": {
                        "type": "INTEGER",
                        "value": 1
                    },
                    "StringID": {
                        "type": "STRING",
                        "value": ""
                    },
                    "MarginBottom": {
                        "type": "INTEGER",
                        "value": 4
                    },
                    "Visible": {
                        "type": "BOOLEAN",
                        "value": true
                    },
                    "AlphaAmount": {
                        "type": "INTEGER",
                        "value": 255
                    },
                    "Position": {
                        "X": {
                            "type": "INTEGER",
                            "value": 0
                        },
                        "Y": {
                            "type": "INTEGER",
                            "value": 0
                        }
                    },
                    "ImagePosition": {
                        "type": "TEXT",
                        "value": "LeftOf"
                    },
                    "MarginRight": {
                        "type": "INTEGER",
                        "value": 4
                    },
                    "Enabled": {
                        "type": "BOOLEAN",
                        "value": true
                    },
                    "ReleasedEvent": {
                        "type": "BOOLEAN",
                        "value": false
                    },
                    "BackgroundType": {
                        "type": "TEXT",
                        "value": "None"
                    },
                    "ReleasedImage": {
                        "type": "IMAGE",
                        "value": ""
                    },
                    "BorderType": {
                        "type": "TEXT",
                        "value": "None"
                    },
                    "MarginLeft": {
                        "type": "INTEGER",
                        "value": 4
                    }
                },
                "events": {
                    "ReleasedEvent": {
                        "mode": "DECLARE",
                        "pretty_name": "Released",
                        "name": "ReleasedEvent",
                        "enabled": "false"
                    },
                    "PressedEvent": {
                        "mode": "DECLARE",
                        "pretty_name": "Pressed",
                        "name": "PressedEvent",
                        "enabled": "true"
                    }
                }
            },
            {
                "hidden": false,
                "locked": false,
                "type": "ButtonWidget",
                "properties": {
                    "HAlignment": {
                        "type": "TEXT",
                        "value": "Center"
                    },
                    "Pressed": {
                        "type": "BOOLEAN",
                        "value": false
                    },
                    "Scheme": {
                        "type": "SCHEME",
                        "value": "WhiteFillScheme"
                    },
                    "ImageMargin": {
                        "type": "INTEGER",
                        "value": 10
                    },
                    "Size": {
                        "Height": {
                            "type": "INTEGER",
                            "value": 42
                        },
                        "Width": {
                            "type": "INTEGER",
                            "value": 129
                        }
                    },
                    "Toggleable": {
                        "type": "BOOLEAN",
                        "value": false
                    },
                    "MarginTop": {
                        "type": "INTEGER",
                        "value": 4
                    },
                    "Name": {
                        "type": "TEXT",
                        "value": "ButtonWidget_ScreenChange"
                    },
                    "AlphaEnable": {
                        "type": "BOOLEAN",
                        "value": false
                    },
                    "PressedEvent": {
                        "type": "BOOLEAN",
                        "value": false
                    },
                    "VAlignment": {
                        "type": "TEXT",
                        "value": "Middle"
                    },
                    "PressedImage": {
                        "type": "IMAGE",
                        "value": ""
                    },
                    "PressedOffset": {
                        "type": "INTEGER",
                        "value": 1
                    },
                    "StringID": {
                        "type": "STRING",
                        "value": ""
                    },
                    "MarginBottom": {
                        "type": "INTEGER",
                        "value": 4
                    },
                    "Visible": {
                        "type": "BOOLEAN",
                        "value": true
                    },
                    "AlphaAmount": {
                        "type": "INTEGER",
                        "value": 255
                    },
                    "Position": {
                        "X": {
                            "type": "INTEGER",
                            "value": 352
                        },
                        "Y": {
                            "type": "INTEGER",
                            "value": 0
                        }
                    },
                    "ImagePosition": {
                        "type": "TEXT",
                        "value": "LeftOf"
                    },
                    "MarginRight": {
                        "type": "INTEGER",
                        "value": 4
                    },
                    "Enabled": {
                        "type": "BOOLEAN",
                        "value": true
                    },
                    "ReleasedEvent": {
                        "type": "BOOLEAN",
                        "value": true
                    },
                    "BackgroundType": {
                        "type": "TEXT",
                        "value": "None"
                    },
                    "ReleasedImage": {
                        "type": "IMAGE",
                        "value": "mchp_logo"
                    },
                    "BorderType": {
                        "type": "TEXT",
                        "value": "None"
                    },
                    "MarginLeft": {
                        "type": "INTEGER",
                        "value": 4
                    }
                },
                "events": {
                    "ReleasedEvent": {
                        "mode": "GENERATE",
                        "pretty_name": "Released",
                        "name": "ReleasedEvent",
                        "actions": [{
                            "targetName": "InfoScreen",
                            "name": "Show Screen (InfoScreen)",
                            "targetType": "Screen",
                            "arguments": {},
                            "screenName": "MainScreen",
                            "type": "template",
                            "actionName": "ShowScreen"
                        }],
                        "enabled": "true"
                    },
                    "PressedEvent": {
                        "mode": "GENERATE",
                        "pretty_name": "Pressed",
                        "name": "PressedEvent",
                        "enabled": "false"
                    }
                }
            }
        ],
        "locked": false,
        "type": "Layer",
        "properties": {
            "AlphaAmount": {
                "type": "INTEGER",
                "value": 255
            },
            "Visible": {
                "type": "BOOLEAN",
                "value": true
            },
            "Name": {
                "type": "TEXT",
                "value": "Layer0"
            },
            "AlphaEnable": {
                "type": "BOOLEAN",
                "value": false
            }
        }
    }],
    "locked": false,
    "properties": {
        "Active": {
            "type": "BOOLEAN",
            "value": false
        },
        "CreateAtStartup": {
            "type": "BOOLEAN",
            "value": false
        },
        "Primary": {
            "type": "BOOLEAN",
            "value": false
        },
        "Visible": {
            "type": "BOOLEAN",
            "value": true
        },
        "Export": {
            "type": "BOOLEAN",
            "value": true
        },
        "Persistent": {
            "type": "BOOLEAN",
            "value": false
        },
        "HideEvent": {
            "type": "BOOLEAN",
            "value": true
        },
        "Name": {
            "type": "TEXT",
            "value": "MainScreen"
        },
        "ShowEvent": {
            "type": "BOOLEAN",
            "value": true
        },
        "UpdateEvent": {
            "type": "BOOLEAN",
            "value": true
        }
    },
    "events": {
        "HideEvent": {
            "mode": "DECLARE",
            "pretty_name": "On Hide",
            "name": "HideEvent",
            "enabled": "true"
        },
        "ShowEvent": {
            "mode": "DECLARE",
            "pretty_name": "On Show",
            "name": "ShowEvent",
            "enabled": "true"
        },
        "UpdateEvent": {
            "mode": "DECLARE",
            "pretty_name": "On Update",
            "name": "UpdateEvent",
            "enabled": "true"
        }
    }
}